x-axis,2,4
second,Volt,Volt
-4.936600E-06,+200.590392E-06,-84.333070705E-03
-4.931600E-06,+210.314010E-06,-84.372643569E-03
-4.926600E-06,+330.188380E-06,-84.473774221E-03
-4.921600E-06,+416.846671E-06,-84.361022966E-03
-4.916600E-06,+236.444663E-06,-84.330558142E-03
-4.911600E-06,+250.288884E-06,-84.383950101E-03
-4.906600E-06,+361.796420E-06,-84.462467688E-03
-4.901600E-06,+191.721045E-06,-84.414414925E-03
-4.896600E-06,+292.977326E-06,-84.320193821E-03
-4.891600E-06,+236.394412E-06,-84.449276734E-03
-4.886600E-06,+213.831598E-06,-84.486965176E-03
-4.881600E-06,+284.610492E-06,-84.335583268E-03
-4.876600E-06,+322.650692E-06,-84.323648594E-03
-4.871600E-06,+301.319034E-06,-84.363849599E-03
-4.866600E-06,+351.118028E-06,-84.462467688E-03
-4.861600E-06,+251.670793E-06,-84.361022966E-03
-4.856600E-06,+328.906973E-06,-84.338409901E-03
-4.851600E-06,+369.308983E-06,-84.344691308E-03
-4.846600E-06,+297.449687E-06,-84.476286784E-03
-4.841600E-06,+350.690893E-06,-84.345319448E-03
-4.836600E-06,+367.675817E-06,-84.332128494E-03
-4.831600E-06,+319.484863E-06,-84.392744071E-03
-4.826600E-06,+249.987376E-06,-84.453673719E-03
-4.821600E-06,+316.444662E-06,-84.373271709E-03
-4.816600E-06,+278.077828E-06,-84.335897338E-03
-4.811600E-06,+378.102953E-06,-84.382379750E-03
-4.806600E-06,+351.419536E-06,-84.479113417E-03
-4.801600E-06,+288.153205E-06,-84.398711408E-03
-4.796600E-06,+243.655718E-06,-84.320193821E-03
-4.791600E-06,+371.469787E-06,-84.465922462E-03
-4.786600E-06,+247.600442E-06,-84.490419949E-03
-4.781600E-06,+363.128079E-06,-84.345947589E-03
-4.776600E-06,+403.153204E-06,-84.334012916E-03
-4.771600E-06,+330.188380E-06,-84.383007890E-03
-4.766600E-06,+413.680842E-06,-84.469377236E-03
-4.761600E-06,+295.967275E-06,-84.339980252E-03
-4.756600E-06,+352.977325E-06,-84.333070705E-03
-4.751600E-06,+414.761244E-06,-84.336839549E-03
-4.746600E-06,+366.746169E-06,-84.482254120E-03
-4.741600E-06,+302.776320E-06,-84.337467690E-03
-4.736600E-06,+358.731094E-06,-84.322706383E-03
-4.731600E-06,+472.424560E-06,-84.384892312E-03
-4.726600E-06,+359.133104E-06,-84.466864673E-03
-4.721600E-06,+232.097929E-06,-84.388975227E-03
-4.716600E-06,+363.153204E-06,-84.353171207E-03
-4.711600E-06,+279.861748E-06,-84.383007890E-03
-4.706600E-06,+420.841646E-06,-84.466864673E-03
-4.701600E-06,+321.922049E-06,-84.410017940E-03
-4.696600E-06,+420.138128E-06,-84.321136032E-03
-4.691600E-06,+349.610491E-06,-84.450218945E-03
-4.686600E-06,+376.997425E-06,-84.491362160E-03
-4.681600E-06,+483.806469E-06,-84.351286785E-03
-4.676600E-06,+393.278832E-06,-84.360080755E-03
-4.671600E-06,+308.303959E-06,-84.372643569E-03
-4.666600E-06,+432.298932E-06,-84.469377236E-03
-4.661600E-06,+308.102954E-06,-84.345319448E-03
-4.656600E-06,+361.570290E-06,-84.327103368E-03
-4.651600E-06,+349.082853E-06,-84.352543066E-03
-4.646600E-06,+332.575315E-06,-84.459641055E-03
-4.641600E-06,+382.525063E-06,-84.341864675E-03
-4.636600E-06,+408.932098E-06,-84.320821961E-03
-4.631600E-06,+330.590391E-06,-84.355997840E-03
-4.626600E-06,+416.846671E-06,-84.454615930E-03
-4.621600E-06,+447.851696E-06,-84.361965177E-03
-4.616600E-06,+361.695918E-06,-84.355997840E-03
-4.611600E-06,+346.118029E-06,-84.392744071E-03
-4.606600E-06,+359.560239E-06,-84.481625980E-03
-4.601600E-06,+387.826571E-06,-84.417869699E-03
-4.596600E-06,+429.384359E-06,-84.328045579E-03
-4.591600E-06,+335.741144E-06,-84.460583266E-03
-4.586600E-06,+459.233605E-06,-84.498271708E-03
-4.581600E-06,+371.469787E-06,-84.352228996E-03
-4.576600E-06,+421.042651E-06,-84.357568192E-03
-4.571600E-06,+366.268782E-06,-84.368246584E-03
-4.566600E-06,+450.489887E-06,-84.466864673E-03
-4.561600E-06,+386.922048E-06,-84.351286785E-03
-4.556600E-06,+482.675816E-06,-84.334955127E-03
-4.551600E-06,+485.515012E-06,-84.350030504E-03
-4.546600E-06,+430.540138E-06,-84.488535527E-03
-4.541600E-06,+454.660741E-06,-84.356625981E-03
-4.536600E-06,+460.288882E-06,-84.321764172E-03
-4.531600E-06,+356.771295E-06,-84.368246584E-03
-4.526600E-06,+305.515014E-06,-84.445821960E-03
-4.521600E-06,+399.007475E-06,-84.367932513E-03
-4.516600E-06,+473.781344E-06,-84.339352112E-03
-4.511600E-06,+455.992399E-06,-84.375156132E-03
-4.506600E-06,+470.942148E-06,-84.482568191E-03
-4.501600E-06,+403.806470E-06,-84.404050604E-03
-4.496600E-06,+491.243655E-06,-84.317681258E-03
-4.491600E-06,+490.037625E-06,-84.454615930E-03
-4.486600E-06,+413.504962E-06,-84.506123467E-03
-4.481600E-06,+389.183355E-06,-84.331186283E-03
-4.476600E-06,+388.102953E-06,-84.349716433E-03
-4.471600E-06,+403.530088E-06,-84.362907388E-03
-4.466600E-06,+497.826570E-06,-84.461525477E-03
-4.461600E-06,+513.479836E-06,-84.343435026E-03
-4.456600E-06,+446.319032E-06,-84.348774222E-03
-4.451600E-06,+469.962248E-06,-84.349088293E-03
-4.446600E-06,+405.816520E-06,-84.471889799E-03
-4.441600E-06,+449.962249E-06,-84.345319448E-03
-4.436600E-06,+522.324057E-06,-84.313912414E-03
-4.431600E-06,+397.148179E-06,-84.380495327E-03
-4.426600E-06,+514.962248E-06,-84.450218945E-03
-4.421600E-06,+510.012499E-06,-84.372329498E-03
-4.416600E-06,+549.610489E-06,-84.342806886E-03
-4.411600E-06,+558.932097E-06,-84.389289297E-03
-4.406600E-06,+552.650690E-06,-84.472832010E-03
-4.401600E-06,+460.213505E-06,-84.430118442E-03
-4.396600E-06,+591.796418E-06,-84.285960153E-03
-4.391600E-06,+534.233604E-06,-84.428234020E-03
-4.386600E-06,+478.052700E-06,-84.486965176E-03
-4.381600E-06,+556.520036E-06,-84.362593318E-03
-4.376600E-06,+513.354208E-06,-84.366362162E-03
-4.371600E-06,+479.133102E-06,-84.390859649E-03
-4.366600E-06,+457.851696E-06,-84.473774221E-03
-4.361600E-06,+529.208479E-06,-84.328673720E-03
-4.356600E-06,+519.685866E-06,-84.344377237E-03
-4.351600E-06,+458.982349E-06,-84.355055629E-03
-4.346600E-06,+400.213505E-06,-84.480683769E-03
-4.341600E-06,+475.188379E-06,-84.350658644E-03
-4.336600E-06,+556.972298E-06,-84.319251609E-03
-4.331600E-06,+381.067777E-06,-84.358824473E-03
-4.326600E-06,+443.906972E-06,-84.415357136E-03
-4.321600E-06,+380.866772E-06,-84.373271709E-03
-4.316600E-06,+385.716018E-06,-84.382065679E-03
-4.311600E-06,+524.258730E-06,-84.387404875E-03
-4.306600E-06,+469.585364E-06,-84.486022964E-03
-4.301600E-06,+380.439636E-06,-84.399653619E-03
-4.296600E-06,+371.092903E-06,-84.315796836E-03
-4.291600E-06,+429.308982E-06,-84.473774221E-03
-4.286600E-06,+498.555213E-06,-84.499213919E-03
-4.281600E-06,+459.535113E-06,-84.366990302E-03
-4.276600E-06,+507.625564E-06,-84.357568192E-03
-4.271600E-06,+478.806469E-06,-84.370759147E-03
-4.266600E-06,+413.555214E-06,-84.474716432E-03
-4.261600E-06,+473.504962E-06,-84.347832011E-03
-4.256600E-06,+434.509987E-06,-84.347203870E-03
-4.251600E-06,+444.761244E-06,-84.346575730E-03
-4.246600E-06,+469.434610E-06,-84.512090803E-03
-4.241600E-06,+528.429584E-06,-84.361022966E-03
-4.236600E-06,+438.102952E-06,-84.347832011E-03
-4.231600E-06,+507.700941E-06,-84.380495327E-03
-4.226600E-06,+523.228579E-06,-84.461525477E-03
-4.221600E-06,+466.695917E-06,-84.355683770E-03
-4.216600E-06,+451.972299E-06,-84.349716433E-03
-4.211600E-06,+464.459736E-06,-84.396198845E-03
-4.206600E-06,+487.474811E-06,-84.493874723E-03
-4.201600E-06,+503.906972E-06,-84.431060654E-03
-4.196600E-06,+529.585363E-06,-84.307945077E-03
-4.191600E-06,+507.223554E-06,-84.469377236E-03
-4.186600E-06,+563.504961E-06,-84.515859648E-03
-4.181600E-06,+551.871795E-06,-84.340922464E-03
-4.176600E-06,+531.595413E-06,-84.369816936E-03
-4.171600E-06,+462.952198E-06,-84.371701358E-03
-4.166600E-06,+362.097928E-06,-84.479113417E-03
-4.161600E-06,+554.937122E-06,-84.361022966E-03
-4.156600E-06,+447.248681E-06,-84.321764172E-03
-4.151600E-06,+588.203453E-06,-84.339352112E-03
-4.146600E-06,+620.942146E-06,-84.482254120E-03
-4.141600E-06,+540.113001E-06,-84.367304373E-03
-4.136600E-06,+498.128077E-06,-84.328673720E-03
-4.131600E-06,+542.927072E-06,-84.377040554E-03
-4.126600E-06,+503.354208E-06,-84.462467688E-03
-4.121600E-06,+540.766268E-06,-84.376726483E-03
-4.116600E-06,+482.550188E-06,-84.337467690E-03
-4.111600E-06,+513.329082E-06,-84.399653619E-03
-4.106600E-06,+491.746168E-06,-84.443309397E-03
-4.101600E-06,+499.459735E-06,-84.396198845E-03
-4.096600E-06,+486.143153E-06,-84.328045579E-03
-4.091600E-06,+590.640639E-06,-84.575533014E-03
-4.086600E-06,+491.620540E-06,-84.534389798E-03
-4.081600E-06,+466.168279E-06,-84.407505377E-03
-4.076600E-06,+568.278830E-06,-84.400595830E-03
-4.071600E-06,+436.620540E-06,-84.298208896E-03
-4.066600E-06,+495.464761E-06,-84.463095829E-03
-4.061600E-06,+436.293907E-06,-84.341864675E-03
-4.056600E-06,+444.308982E-06,-84.306060655E-03
-4.051600E-06,+513.303956E-06,-84.322078243E-03
-4.046600E-06,+495.389384E-06,-84.461525477E-03
-4.041600E-06,+566.746167E-06,-84.309515429E-03
-4.036600E-06,+613.680840E-06,-84.354741559E-03
-4.031600E-06,+490.138127E-06,-84.408447588E-03
-4.026600E-06,+525.489886E-06,-84.282819449E-03
-4.021600E-06,+551.469785E-06,-84.023397341E-03
-4.016600E-06,+456.821545E-06,-79.532191359E-03
-4.011600E-06,+456.695917E-06,-58.345947868E-03
-4.006600E-06,+542.575313E-06,-20.802920632E-03
-4.001600E-06,+594.660739E-06,+19.715295015E-03
-3.996600E-06,+598.856719E-06,+54.990734336E-03
-3.991600E-06,+487.097927E-06,+72.459327113E-03
-3.986600E-06,+529.509986E-06,+76.206814510E-03
-3.981600E-06,+614.308980E-06,+77.996387356E-03
-3.976600E-06,+595.540136E-06,+78.401538105E-03
-3.971600E-06,+531.017524E-06,+78.531877300E-03
-3.966600E-06,+582.901946E-06,+78.348460216E-03
-3.961600E-06,+562.525061E-06,+78.059201425E-03
-3.956600E-06,+550.816519E-06,+73.615420066E-03
-3.951600E-06,+539.459735E-06,+52.329302203E-03
-3.946600E-06,+502.901946E-06,+14.569252357E-03
-3.941600E-06,+579.585363E-06,-25.521827616E-03
-3.936600E-06,+561.670790E-06,-60.919126232E-03
-3.931600E-06,+495.841645E-06,-78.447078306E-03
-3.926600E-06,+518.429584E-06,-82.355369721E-03
-3.921600E-06,+512.525062E-06,-83.784703877E-03
-3.916600E-06,+532.726067E-06,-84.038472718E-03
-3.911600E-06,+556.821544E-06,-84.075847089E-03
-3.906600E-06,+524.962248E-06,-84.296010404E-03
-3.901600E-06,+556.871795E-06,-84.095319451E-03
-3.896600E-06,+574.886870E-06,-83.970319452E-03
-3.891600E-06,+471.067776E-06,-84.123899853E-03
-3.886600E-06,+525.640640E-06,-84.177291812E-03
-3.881600E-06,+687.525060E-06,-84.095633521E-03
-3.876600E-06,+511.218529E-06,-84.183887289E-03
-3.871600E-06,+572.097926E-06,-84.259892314E-03
-3.866600E-06,+493.957223E-06,-84.438912412E-03
-3.861600E-06,+523.630589E-06,-84.388033016E-03
-3.856600E-06,+497.173303E-06,-84.430746583E-03
-3.851600E-06,+582.700941E-06,-84.474716432E-03
-3.846600E-06,+531.721042E-06,-84.653422460E-03
-3.841600E-06,+459.861746E-06,-84.477857135E-03
-3.836600E-06,+434.133103E-06,-84.439540553E-03
-3.831600E-06,+440.590389E-06,-84.462467688E-03
-3.826600E-06,+523.680841E-06,-84.482568191E-03
-3.821600E-06,+570.791393E-06,-84.353171207E-03
-3.816600E-06,+451.143153E-06,-84.295696333E-03
-3.811600E-06,+486.871796E-06,-84.299465178E-03
-3.806600E-06,+505.866771E-06,-84.328987790E-03
-3.801600E-06,+571.771292E-06,-84.276538042E-03
-3.796600E-06,+658.881844E-06,-84.166613420E-03
-3.791600E-06,+645.464759E-06,-84.330558142E-03
-3.786600E-06,+583.831594E-06,-84.415357136E-03
-3.781600E-06,+462.072801E-06,-84.328673720E-03
-3.776600E-06,+530.766268E-06,-84.378610905E-03
-3.771600E-06,+611.092900E-06,-84.449276734E-03
-3.766600E-06,+565.037624E-06,-84.563598341E-03
-3.761600E-06,+644.258729E-06,-84.457756633E-03
-3.756600E-06,+697.022547E-06,-84.455244070E-03
-3.751600E-06,+624.133101E-06,-84.449276734E-03
-3.746600E-06,+538.731092E-06,-84.566110903E-03
-3.741600E-06,+570.414509E-06,-84.407191307E-03
-3.736600E-06,+540.590388E-06,-84.360080755E-03
-3.731600E-06,+567.650689E-06,-84.363849599E-03
-3.726600E-06,+637.952196E-06,-84.423208895E-03
-3.721600E-06,+588.504961E-06,-84.327103368E-03
-3.716600E-06,+419.736118E-06,-84.317681258E-03
-3.711600E-06,+130.163257E-06,-84.328987790E-03
-3.706600E-06,-7.349304E-06,-84.402166181E-03
-3.701600E-06,-141.645785E-06,-84.367304373E-03
-3.696600E-06,-247.826689E-06,-84.279992816E-03
-3.691600E-06,-415.716134E-06,-84.452731508E-03
-3.686600E-06,-431.344275E-06,-84.482568191E-03
-3.681600E-06,-619.711107E-06,-84.381751609E-03
-3.676600E-06,-572.474926E-06,-84.384578242E-03
-3.671600E-06,-681.168393E-06,-84.418811910E-03
-3.666600E-06,-793.505075E-06,-84.516487788E-03
-3.661600E-06,-886.394521E-06,-84.395884774E-03
-3.656600E-06,-864.937235E-06,-84.393372212E-03
-3.651600E-06,-903.530199E-06,-84.371701358E-03
-3.646600E-06,-1.203178437E-03,-84.511148592E-03
-3.641600E-06,-1.213530196E-03,-84.380181257E-03
-3.636600E-06,-1.294610597E-03,-84.329615931E-03
-3.631600E-06,-1.345942255E-03,-84.366362162E-03
-3.626600E-06,-1.489434716E-03,-84.445821960E-03
-3.621600E-06,-1.556118132E-03,-84.333070705E-03
-3.616600E-06,-1.459258837E-03,-84.342806886E-03
-3.611600E-06,-1.252801552E-03,-84.340294323E-03
-3.606600E-06,-1.174861855E-03,-84.454615930E-03
-3.601600E-06,-1.084660851E-03,-84.398711408E-03
-3.596600E-06,-1.012751304E-03,-84.303548092E-03
-3.591600E-06,-1.008580449E-03,-84.472832010E-03
-3.586600E-06,-940.389495E-06,-84.507065678E-03
-3.581600E-06,-826.746281E-06,-84.394000352E-03
-3.576600E-06,-850.917135E-06,-84.402166181E-03
-3.571600E-06,-707.047789E-06,-84.410960151E-03
-3.566600E-06,-742.650804E-06,-84.481625980E-03
-3.561600E-06,-867.776431E-06,-84.346889800E-03
-3.556600E-06,-697.198543E-06,-84.368874725E-03
-3.551600E-06,-704.057840E-06,-84.344691308E-03
-3.546600E-06,-731.017638E-06,-84.484138542E-03
-3.541600E-06,-611.168393E-06,-84.347832011E-03
-3.536600E-06,-586.897037E-06,-84.313912414E-03
-3.531600E-06,-495.414626E-06,-84.357882262E-03
-3.526600E-06,-585.716132E-06,-84.437970201E-03
-3.521600E-06,-487.625681E-06,-84.333070705E-03
-3.516600E-06,-575.414625E-06,-84.334012916E-03
-3.511600E-06,-511.168394E-06,-84.379553116E-03
-3.506600E-06,-506.520153E-06,-84.485080753E-03
-3.501600E-06,-394.233722E-06,-84.403108393E-03
-3.496600E-06,-483.731209E-06,-84.287844575E-03
-3.491600E-06,-423.580456E-06,-84.451789297E-03
-3.486600E-06,-388.731210E-06,-84.473774221E-03
-3.481600E-06,-507.399550E-06,-84.362593318E-03
-3.476600E-06,-458.881963E-06,-84.361022966E-03
-3.471600E-06,-344.108095E-06,-84.379553116E-03
-3.466600E-06,-315.490005E-06,-84.478171206E-03
-3.461600E-06,-261.972417E-06,-84.313912414E-03
-3.456600E-06,-426.319149E-06,-84.315796836E-03
-3.451600E-06,-287.123171E-06,-84.325533016E-03
-3.446600E-06,-339.560356E-06,-84.478799346E-03
-3.441600E-06,-334.384477E-06,-84.324276735E-03
-3.436600E-06,-261.746287E-06,-84.301663670E-03
-3.431600E-06,-233.530206E-06,-84.316739047E-03
-3.426600E-06,-289.258849E-06,-84.424151106E-03
-3.421600E-06,-257.374427E-06,-84.326161157E-03
-3.416600E-06,-203.756337E-06,-84.332442564E-03
-3.411600E-06,-193.706086E-06,-84.392744071E-03
-3.406600E-06,-200.967393E-06,-84.474716432E-03
-3.401600E-06,-229.987493E-06,-84.395256634E-03
-3.396600E-06,-126.520157E-06,-84.314854625E-03
-3.391600E-06,-121.696037E-06,-84.448334523E-03
-3.386600E-06,-209.409604E-06,-84.493874723E-03
-3.381600E-06,-166.218649E-06,-84.345947589E-03
-3.376600E-06,-152.223675E-06,-84.341864675E-03
-3.371600E-06,-232.751312E-06,-84.351600855E-03
-3.366600E-06,-103.454831E-06,-84.445821960E-03
-3.361600E-06,-90.716138E-06,-84.333070705E-03
-3.356600E-06,-95.490007E-06,-84.306060655E-03
-3.351600E-06,-63.278952E-06,-84.325533016E-03
-3.346600E-06,-174.510107E-06,-84.475344573E-03
-3.341600E-06,-172.123172E-06,-84.373271709E-03
-3.336600E-06,-41.947294E-06,-84.330558142E-03
-3.331600E-06,-152.449805E-06,-84.364791810E-03
-3.326600E-06,-72.726188E-06,-84.426663669E-03
-3.321600E-06,-68.103073E-06,-84.343435026E-03
-3.316600E-06,-34.434731E-06,-84.345319448E-03
-3.311600E-06,-130.037745E-06,-84.396198845E-03
-3.306600E-06,-68.831716E-06,-84.465922462E-03
-3.301600E-06,-144.233725E-06,-84.410960151E-03
-3.296600E-06,-40.037746E-06,-84.307945077E-03
-3.291600E-06,-29.635736E-06,-84.438912412E-03
-3.286600E-06,-7.123174E-06,-84.476600854E-03
-3.281600E-06,+44.208484E-06,-84.320821961E-03
-3.276600E-06,+3.906977E-06,-84.342806886E-03
-3.271600E-06,+120.515016E-06,-84.370759147E-03
-3.266600E-06,+108.555217E-06,-84.462467688E-03
-3.261600E-06,+2.499942E-06,-84.328673720E-03
-3.256600E-06,+114.710996E-06,-84.313912414E-03
-3.251600E-06,+96.293911E-06,-84.328987790E-03
-3.246600E-06,+84.685871E-06,-84.459641055E-03
-3.241600E-06,+132.952202E-06,-84.364477740E-03
-3.236600E-06,+78.982353E-06,-84.352228996E-03
-3.231600E-06,+124.057729E-06,-84.371701358E-03
-3.226600E-06,+62.801449E-06,-84.464980251E-03
-3.221600E-06,+134.610493E-06,-84.372329498E-03
-3.216600E-06,+203.705970E-06,-84.368246584E-03
-3.211600E-06,+170.339136E-06,-84.408447588E-03
-3.206600E-06,+204.484864E-06,-84.473774221E-03
-3.201600E-06,+85.364262E-06,-84.403108393E-03
-3.196600E-06,-1.570410E-06,-84.319251609E-03
-3.191600E-06,+85.188383E-06,-84.457128492E-03
-3.186600E-06,+94.710996E-06,-84.471261658E-03
-3.181600E-06,+77.324062E-06,-84.331186283E-03
-3.176600E-06,+165.414513E-06,-84.338409901E-03
-3.171600E-06,+143.982352E-06,-84.364791810E-03
-3.166600E-06,+100.364262E-06,-84.454615930E-03
-3.161600E-06,+101.997428E-06,-84.343435026E-03
-3.156600E-06,+179.183357E-06,-84.327103368E-03
-3.151600E-06,+174.912000E-06,-84.307002866E-03
-3.146600E-06,+54.937127E-06,-84.468435025E-03
-3.141600E-06,+141.570292E-06,-84.352228996E-03
-3.136600E-06,+189.359236E-06,-84.307002866E-03
-3.131600E-06,+97.298936E-06,-84.380495327E-03
-3.126600E-06,+170.314010E-06,-84.462467688E-03
-3.121600E-06,+299.484863E-06,-84.349716433E-03
-3.116600E-06,+172.600442E-06,-84.307945077E-03
-3.111600E-06,+136.419538E-06,-84.368246584E-03
-3.106600E-06,+76.595418E-06,-84.459012915E-03
-3.101600E-06,+240.414512E-06,-84.387404875E-03
-3.096600E-06,+155.188382E-06,-84.304490303E-03
-3.091600E-06,+240.414512E-06,-84.446450101E-03
-3.086600E-06,+122.826574E-06,-84.567053114E-03
-3.081600E-06,+251.218532E-06,-84.267744072E-03
-3.076600E-06,+229.987377E-06,-84.396512915E-03
-3.071600E-06,+225.489889E-06,-84.269628494E-03
-3.066600E-06,+196.444663E-06,-84.374213920E-03
-3.061600E-06,+133.429589E-06,-84.307002866E-03
-3.056600E-06,+253.932100E-06,-84.308887288E-03
-3.051600E-06,+156.595418E-06,-84.303862162E-03
-3.046600E-06,+244.836623E-06,-84.485080753E-03
-3.041600E-06,+229.635618E-06,-84.365419951E-03
-3.036600E-06,+216.092904E-06,-84.340922464E-03
-3.031600E-06,+205.238633E-06,-84.359452614E-03
-3.026600E-06,+306.243657E-06,-84.471261658E-03
-3.021600E-06,+329.133104E-06,-84.345319448E-03
-3.016600E-06,+227.550191E-06,-84.310457640E-03
-3.011600E-06,+186.469789E-06,-84.367304373E-03
-3.006600E-06,+181.419538E-06,-84.462467688E-03
-3.001600E-06,+220.615517E-06,-84.370759147E-03
-2.996600E-06,+285.364260E-06,-84.299151107E-03
-2.991600E-06,+271.771296E-06,-84.477228995E-03
-2.986600E-06,+260.766271E-06,-84.495759145E-03
-2.981600E-06,+307.173305E-06,-84.339980252E-03
-2.976600E-06,+313.731094E-06,-84.341236534E-03
-2.971600E-06,+165.590392E-06,-84.360394825E-03
-2.966600E-06,+241.243658E-06,-84.474716432E-03
-2.961600E-06,+202.550191E-06,-84.360080755E-03
-2.956600E-06,+378.856722E-06,-84.338409901E-03
-2.951600E-06,+309.660742E-06,-84.339352112E-03
-2.946600E-06,+308.982351E-06,-84.452731508E-03
-2.941600E-06,+198.756221E-06,-84.324276735E-03
-2.936600E-06,+253.228582E-06,-84.324276735E-03
-2.931600E-06,+330.716019E-06,-84.368246584E-03
-2.926600E-06,+239.610492E-06,-84.473774221E-03
-2.921600E-06,+340.238632E-06,-84.381123468E-03
-2.916600E-06,+219.484864E-06,-84.349716433E-03
-2.911600E-06,+265.364261E-06,-84.367304373E-03
-2.906600E-06,+242.198432E-06,-84.459012915E-03
-2.901600E-06,+237.349185E-06,-84.399653619E-03
-2.896600E-06,+338.102953E-06,-84.315796836E-03
-2.891600E-06,+420.364259E-06,-84.464038040E-03
-2.886600E-06,+280.866773E-06,-84.495759145E-03
-2.881600E-06,+253.454713E-06,-84.308573218E-03
-2.876600E-06,+299.384361E-06,-84.341864675E-03
-2.871600E-06,+322.123054E-06,-84.368246584E-03
-2.866600E-06,+207.751196E-06,-84.459012915E-03
-2.861600E-06,+337.273808E-06,-84.361022966E-03
-2.856600E-06,+413.228581E-06,-84.307945077E-03
-2.851600E-06,+295.012501E-06,-84.333384775E-03
-2.846600E-06,+235.062753E-06,-84.468435025E-03
-2.841600E-06,+298.906974E-06,-84.332128494E-03
-2.836600E-06,+399.334108E-06,-84.320821961E-03
-2.831600E-06,+289.032602E-06,-84.372643569E-03
-2.826600E-06,+334.359235E-06,-84.445821960E-03
-2.821600E-06,+339.233607E-06,-84.361965177E-03
-2.816600E-06,+371.746169E-06,-84.315796836E-03
-2.811600E-06,+300.113004E-06,-84.384892312E-03
-2.806600E-06,+341.469787E-06,-84.455558141E-03
-2.801600E-06,+308.479838E-06,-84.399653619E-03
-2.796600E-06,+563.932097E-06,-84.292241560E-03
-2.791600E-06,+303.052702E-06,-84.449276734E-03
-2.786600E-06,+374.384360E-06,-84.500156130E-03
-2.781600E-06,+415.866772E-06,-84.342492815E-03
-2.776600E-06,+416.846671E-06,-84.321764172E-03
-2.771600E-06,+293.630592E-06,-84.362907388E-03
-2.766600E-06,+351.243657E-06,-84.473774221E-03
-2.761600E-06,+349.484863E-06,-84.339038041E-03
-2.756600E-06,+343.806471E-06,-84.334012916E-03
-2.751600E-06,+402.248681E-06,-84.350658644E-03
-2.746600E-06,+207.751196E-06,-84.475344573E-03
-2.741600E-06,+404.635616E-06,-84.333070705E-03
-2.736600E-06,+374.861747E-06,-84.334955127E-03
-2.731600E-06,+357.374310E-06,-84.389289297E-03
-2.726600E-06,+311.293908E-06,-84.465922462E-03
-2.721600E-06,+370.716018E-06,-84.379239046E-03
-2.716600E-06,+432.600440E-06,-84.346261659E-03
-2.711600E-06,+331.570290E-06,-84.383950101E-03
-2.706600E-06,+369.007476E-06,-84.482568191E-03
-2.701600E-06,+375.640641E-06,-84.391801860E-03
-2.696600E-06,+313.957225E-06,-84.304490303E-03
-2.691600E-06,+398.379335E-06,-84.450218945E-03
-2.686600E-06,+334.836622E-06,-84.487907387E-03
-2.681600E-06,+415.590390E-06,-84.380181257E-03
-2.676600E-06,+468.906972E-06,-84.377668694E-03
-2.671600E-06,+473.454711E-06,-84.379553116E-03
-2.666600E-06,+425.012500E-06,-84.478171206E-03
-2.661600E-06,+432.776319E-06,-84.351286785E-03
-2.656600E-06,+490.314007E-06,-84.326161157E-03
-2.651600E-06,+347.173305E-06,-84.356940051E-03
-2.646600E-06,+407.801445E-06,-84.495445075E-03
-2.641600E-06,+423.906972E-06,-84.355683770E-03
-2.636600E-06,+447.148178E-06,-84.334012916E-03
-2.631600E-06,+426.168279E-06,-84.371701358E-03
-2.626600E-06,+347.826571E-06,-84.462467688E-03
-2.621600E-06,+511.972298E-06,-84.340922464E-03
-2.616600E-06,+502.675816E-06,-84.367304373E-03
-2.611600E-06,+459.107977E-06,-84.392744071E-03
-2.606600E-06,+404.585365E-06,-84.471261658E-03
-2.601600E-06,+461.771294E-06,-84.406563166E-03
-2.596600E-06,+419.258731E-06,-84.307002866E-03
-2.591600E-06,+437.499937E-06,-84.480683769E-03
-2.586600E-06,+397.826571E-06,-84.493874723E-03
-2.581600E-06,+455.640640E-06,-84.363535529E-03
-2.576600E-06,+451.972299E-06,-84.366362162E-03
-2.571600E-06,+482.047675E-06,-84.388347086E-03
-2.566600E-06,+464.158228E-06,-84.499213919E-03
-2.561600E-06,+394.158229E-06,-84.355683770E-03
-2.556600E-06,+390.113003E-06,-84.353171207E-03
-2.551600E-06,+386.143154E-06,-84.347203870E-03
-2.546600E-06,+395.942149E-06,-84.504239045E-03
-2.541600E-06,+423.379334E-06,-84.356625981E-03
-2.536600E-06,+547.700941E-06,-84.337467690E-03
-2.531600E-06,+358.178330E-06,-84.363849599E-03
-2.526600E-06,+402.248681E-06,-84.473774221E-03
-2.521600E-06,+416.168279E-06,-84.364477740E-03
-2.516600E-06,+475.439635E-06,-84.369816936E-03
-2.511600E-06,+369.409486E-06,-84.378610905E-03
-2.506600E-06,+381.017526E-06,-84.470319447E-03
-2.501600E-06,+431.494912E-06,-84.403108393E-03
-2.496600E-06,+472.650690E-06,-84.313284273E-03
-2.491600E-06,+400.590390E-06,-84.478171206E-03
-2.486600E-06,+413.354209E-06,-84.498271708E-03
-2.481600E-06,+402.550189E-06,-84.359138544E-03
-2.476600E-06,+451.520037E-06,-84.357568192E-03
-2.471600E-06,+375.213506E-06,-84.367304373E-03
-2.466600E-06,+432.474812E-06,-84.473774221E-03
-2.461600E-06,+382.851696E-06,-84.351286785E-03
-2.456600E-06,+478.580339E-06,-84.337467690E-03
-2.451600E-06,+441.067776E-06,-84.355055629E-03
-2.446600E-06,+439.384359E-06,-84.476286784E-03
-2.441600E-06,+455.967274E-06,-84.371387287E-03
-2.436600E-06,+519.459735E-06,-84.345319448E-03
-2.431600E-06,+414.133103E-06,-84.379553116E-03
-2.426600E-06,+462.022550E-06,-84.477228995E-03
-2.421600E-06,+497.876821E-06,-84.364477740E-03
-2.416600E-06,+540.389383E-06,-84.346261659E-03
-2.411600E-06,+412.952199E-06,-84.383007890E-03
-2.406600E-06,+421.344158E-06,-84.488535527E-03
-2.401600E-06,+515.590389E-06,-84.435457638E-03
-2.396600E-06,+491.469786E-06,-84.275595831E-03
-2.391600E-06,+460.339133E-06,-84.448334523E-03
-2.386600E-06,+349.710993E-06,-84.482568191E-03
-2.381600E-06,+422.399435E-06,-84.370445076E-03
-2.376600E-06,+502.525062E-06,-84.373271709E-03
-2.371600E-06,+408.203455E-06,-84.402166181E-03
-2.366600E-06,+438.102952E-06,-84.490419949E-03
-2.361600E-06,+463.781344E-06,-84.328673720E-03
-2.356600E-06,+549.560237E-06,-84.341864675E-03
-2.351600E-06,+556.922046E-06,-84.355997840E-03
-2.346600E-06,+480.138128E-06,-84.495445075E-03
-2.341600E-06,+484.886871E-06,-84.364477740E-03
-2.336600E-06,+402.625566E-06,-84.342806886E-03
-2.331600E-06,+428.128078E-06,-84.366676232E-03
-2.326600E-06,+473.429585E-06,-84.479113417E-03
-2.321600E-06,+466.444660E-06,-84.384578242E-03
-2.316600E-06,+421.419535E-06,-84.370759147E-03
-2.311600E-06,+475.791394E-06,-84.376098343E-03
-2.306600E-06,+513.756218E-06,-84.474716432E-03
-2.301600E-06,+435.590389E-06,-84.411902362E-03
-2.296600E-06,+543.329082E-06,-84.319251609E-03
-2.291600E-06,+536.595413E-06,-84.460583266E-03
-2.286600E-06,+554.409484E-06,-84.523711406E-03
-2.281600E-06,+522.022549E-06,-84.361651107E-03
-2.276600E-06,+495.942148E-06,-84.374213920E-03
-2.271600E-06,+412.625566E-06,-84.386462664E-03
-2.266600E-06,+453.705967E-06,-84.469377236E-03
-2.261600E-06,+491.721042E-06,-84.356625981E-03
-2.256600E-06,+514.183353E-06,-84.335897338E-03
-2.251600E-06,+533.253705E-06,-84.349088293E-03
-2.246600E-06,+360.967275E-06,-84.496387286E-03
-2.241600E-06,+496.670791E-06,-84.363535529E-03
-2.236600E-06,+549.560237E-06,-84.347832011E-03
-2.231600E-06,+477.424560E-06,-84.400595830E-03
-2.226600E-06,+517.324057E-06,-84.463409899E-03
-2.221600E-06,+516.670791E-06,-84.368874725E-03
-2.216600E-06,+567.097926E-06,-84.357568192E-03
-2.211600E-06,+558.932097E-06,-84.383950101E-03
-2.206600E-06,+443.027575E-06,-84.493874723E-03
-2.201600E-06,+475.766268E-06,-84.427605880E-03
-2.196600E-06,+510.213504E-06,-84.331500353E-03
-2.191600E-06,+452.223555E-06,-84.448334523E-03
-2.186600E-06,+469.359233E-06,-84.523711406E-03
-2.181600E-06,+489.886871E-06,-84.368874725E-03
-2.176600E-06,+427.298932E-06,-84.365419951E-03
-2.171600E-06,+463.605464E-06,-84.387404875E-03
-2.166600E-06,+533.881846E-06,-84.481625980E-03
-2.161600E-06,+374.535114E-06,-84.367932513E-03
-2.156600E-06,+453.705967E-06,-84.332128494E-03
-2.151600E-06,+522.474811E-06,-84.342806886E-03
-2.146600E-06,+488.856720E-06,-84.491048090E-03
-2.141600E-06,+498.253705E-06,-84.357568192E-03
-2.136600E-06,+534.585363E-06,-84.326161157E-03
-2.131600E-06,+457.349183E-06,-84.404050604E-03
-2.126600E-06,+457.675816E-06,-84.489477738E-03
-2.121600E-06,+426.243656E-06,-84.377668694E-03
-2.116600E-06,+484.057726E-06,-84.373271709E-03
-2.111600E-06,+503.203454E-06,-84.403108393E-03
-2.106600E-06,+475.942148E-06,-84.462467688E-03
-2.101600E-06,+543.479835E-06,-84.404050604E-03
-2.096600E-06,+557.248680E-06,-84.319251609E-03
-2.091600E-06,+510.489886E-06,-84.549465175E-03
-2.086600E-06,+545.238629E-06,-84.506437537E-03
-2.081600E-06,+613.303955E-06,-84.372643569E-03
-2.076600E-06,+531.218529E-06,-84.385834523E-03
-2.071600E-06,+503.756218E-06,-84.309515429E-03
-2.066600E-06,+497.424560E-06,-84.460583266E-03
-2.061600E-06,+509.233605E-06,-84.322706383E-03
-2.056600E-06,+576.896921E-06,-84.326161157E-03
-2.051600E-06,+549.736117E-06,-84.334326986E-03
-2.046600E-06,+476.394409E-06,-84.452731508E-03
-2.041600E-06,+562.901946E-06,-84.329615931E-03
-2.036600E-06,+632.726066E-06,-84.360708895E-03
-2.031600E-06,+535.716016E-06,-84.426663669E-03
-2.026600E-06,+599.158227E-06,-84.290671208E-03
-2.021600E-06,+424.861746E-06,-84.006751613E-03
-2.016600E-06,+549.937122E-06,-79.486023018E-03
-2.011600E-06,+520.716017E-06,-58.232568472E-03
-2.006600E-06,+462.726067E-06,-20.681689477E-03
-2.001600E-06,+466.520037E-06,+19.873272400E-03
-1.996600E-06,+535.439635E-06,+55.088410214E-03
-1.991600E-06,+510.716017E-06,+72.479427616E-03
-1.986600E-06,+470.766268E-06,+76.211211495E-03
-1.981600E-06,+623.379332E-06,+77.997957707E-03
-1.976600E-06,+444.937123E-06,+78.382379814E-03
-1.971600E-06,+440.414510E-06,+78.514603430E-03
-1.966600E-06,+526.469785E-06,+78.344063231E-03
-1.961600E-06,+519.736117E-06,+78.062656199E-03
-1.956600E-06,+531.118027E-06,+73.573648710E-03
-1.951600E-06,+544.183353E-06,+52.203674064E-03
-1.946600E-06,+591.494910E-06,+14.411274972E-03
-1.941600E-06,+545.012499E-06,-25.663159273E-03
-1.936600E-06,+579.434609E-06,-61.031877487E-03
-1.931600E-06,+447.248681E-06,-78.475030567E-03
-1.926600E-06,+485.439635E-06,-82.343120977E-03
-1.921600E-06,+611.645664E-06,-83.811713926E-03
-1.916600E-06,+482.349183E-06,-84.040985281E-03
-1.911600E-06,+547.726067E-06,-84.056688798E-03
-1.906600E-06,+644.133101E-06,-84.278422464E-03
-1.901600E-06,+551.721041E-06,-84.097832014E-03
-1.896600E-06,+530.138127E-06,-83.982568196E-03
-1.891600E-06,+502.148178E-06,-84.128296838E-03
-1.886600E-06,+528.454710E-06,-84.197392314E-03
-1.881600E-06,+615.992398E-06,-84.118246587E-03
-1.876600E-06,+527.474811E-06,-84.164728998E-03
-1.871600E-06,+620.766267E-06,-84.272141057E-03
-1.866600E-06,+496.846670E-06,-84.451161156E-03
-1.861600E-06,+524.107976E-06,-84.396826986E-03
-1.856600E-06,+568.303956E-06,-84.462153618E-03
-1.851600E-06,+555.087876E-06,-84.499213919E-03
-1.846600E-06,+602.851694E-06,-84.649025475E-03
-1.841600E-06,+597.675815E-06,-84.493560653E-03
-1.836600E-06,+495.037625E-06,-84.467492814E-03
-1.831600E-06,+467.324057E-06,-84.470319447E-03
-1.826600E-06,+502.097926E-06,-84.490419949E-03
-1.821600E-06,+581.997423E-06,-84.357568192E-03
-1.816600E-06,+546.218529E-06,-84.285332012E-03
-1.811600E-06,+535.816519E-06,-84.313284273E-03
-1.806600E-06,+570.113001E-06,-84.342178745E-03
-1.801600E-06,+606.997423E-06,-84.260834525E-03
-1.796600E-06,+508.806469E-06,-84.172580757E-03
-1.791600E-06,+424.283857E-06,-84.331500353E-03
-1.786600E-06,+532.424559E-06,-84.408447588E-03
-1.781600E-06,+560.590388E-06,-84.343435026E-03
-1.776600E-06,+554.509986E-06,-84.374213920E-03
-1.771600E-06,+547.550187E-06,-84.442367186E-03
-1.766600E-06,+478.906972E-06,-84.554176230E-03
-1.761600E-06,+591.268780E-06,-84.448962663E-03
-1.756600E-06,+558.806468E-06,-84.442995327E-03
-1.751600E-06,+529.032599E-06,-84.462467688E-03
-1.746600E-06,+525.012499E-06,-84.549465175E-03
-1.741600E-06,+573.957222E-06,-84.387090805E-03
-1.736600E-06,+531.871795E-06,-84.368874725E-03
-1.731600E-06,+404.761244E-06,-84.376098343E-03
-1.726600E-06,+513.605464E-06,-84.435457638E-03
-1.721600E-06,+486.670791E-06,-84.322706383E-03
-1.716600E-06,+346.293908E-06,-84.303548092E-03
-1.711600E-06,+114.861750E-06,-84.340294323E-03
-1.706600E-06,-88.329203E-06,-84.412844573E-03
-1.701600E-06,-198.077946E-06,-84.351600855E-03
-1.696600E-06,-260.816638E-06,-84.297580755E-03
-1.691600E-06,-454.283973E-06,-84.457128492E-03
-1.686600E-06,-507.575430E-06,-84.494816934E-03
-1.681600E-06,-627.349298E-06,-84.378296835E-03
-1.676600E-06,-643.806584E-06,-84.409075729E-03
-1.671600E-06,-734.233719E-06,-84.404678744E-03
-1.666600E-06,-821.721155E-06,-84.510520452E-03
-1.661600E-06,-851.495024E-06,-84.395884774E-03
-1.656600E-06,-914.258842E-06,-84.393372212E-03
-1.651600E-06,-962.851807E-06,-84.388347086E-03
-1.646600E-06,-1.106394519E-03,-84.515545577E-03
-1.641600E-06,-1.258907080E-03,-84.366990302E-03
-1.636600E-06,-1.274685974E-03,-84.337467690E-03
-1.631600E-06,-1.381972405E-03,-84.350658644E-03
-1.626600E-06,-1.387826677E-03,-84.425721458E-03
-1.621600E-06,-1.431495018E-03,-84.335583268E-03
-1.616600E-06,-1.563253810E-03,-84.328045579E-03
-1.611600E-06,-1.346520144E-03,-84.372643569E-03
-1.606600E-06,-1.186444769E-03,-84.442367186E-03
-1.601600E-06,-1.099560348E-03,-84.390859649E-03
-1.596600E-06,-1.076620650E-03,-84.307945077E-03
-1.591600E-06,-962.625676E-06,-84.468435025E-03
-1.586600E-06,-1.103957333E-03,-84.521826984E-03
-1.581600E-06,-954.535224E-06,-84.382693820E-03
-1.576600E-06,-945.590500E-06,-84.386462664E-03
-1.571600E-06,-923.354320E-06,-84.406563166E-03
-1.566600E-06,-925.640752E-06,-84.486022964E-03
-1.561600E-06,-842.902059E-06,-84.350344574E-03
-1.556600E-06,-812.173416E-06,-84.349716433E-03
-1.551600E-06,-689.635729E-06,-84.331500353E-03
-1.546600E-06,-652.047790E-06,-84.459641055E-03
-1.541600E-06,-610.012614E-06,-84.332128494E-03
-1.536600E-06,-566.218645E-06,-84.334955127E-03
-1.531600E-06,-657.047790E-06,-84.349088293E-03
-1.526600E-06,-611.696032E-06,-84.459955126E-03
-1.521600E-06,-538.228696E-06,-84.329615931E-03
-1.516600E-06,-559.761359E-06,-84.327103368E-03
-1.511600E-06,-623.052815E-06,-84.370759147E-03
-1.506600E-06,-494.660857E-06,-84.481625980E-03
-1.501600E-06,-394.761361E-06,-84.398711408E-03
-1.496600E-06,-585.213620E-06,-84.295696333E-03
-1.491600E-06,-423.806586E-06,-84.464038040E-03
-1.486600E-06,-396.721159E-06,-84.493874723E-03
-1.481600E-06,-448.429702E-06,-84.378296835E-03
-1.476600E-06,-341.570406E-06,-84.361965177E-03
-1.471600E-06,-409.761360E-06,-84.361965177E-03
-1.466600E-06,-308.655834E-06,-84.470319447E-03
-1.461600E-06,-244.711111E-06,-84.325218946E-03
-1.456600E-06,-243.630709E-06,-84.322706383E-03
-1.451600E-06,-277.223673E-06,-84.321136032E-03
-1.446600E-06,-250.037744E-06,-84.468435025E-03
-1.441600E-06,-263.856839E-06,-84.331186283E-03
-1.436600E-06,-253.932216E-06,-84.305118444E-03
-1.431600E-06,-245.917141E-06,-84.333384775E-03
-1.426600E-06,-109.183474E-06,-84.436399849E-03
-1.421600E-06,-291.997543E-06,-84.328673720E-03
-1.416600E-06,-265.741261E-06,-84.343749097E-03
-1.411600E-06,-246.344277E-06,-84.392744071E-03
-1.406600E-06,-180.314127E-06,-84.466864673E-03
-1.401600E-06,-269.484980E-06,-84.399653619E-03
-1.396600E-06,-184.258850E-06,-84.284389801E-03
-1.391600E-06,-180.037745E-06,-84.448334523E-03
-1.386600E-06,-153.907092E-06,-84.503610904E-03
-1.381600E-06,-179.359353E-06,-84.346889800E-03
-1.376600E-06,-174.208599E-06,-84.361965177E-03
-1.371600E-06,-202.675935E-06,-84.362907388E-03
-1.366600E-06,-165.565383E-06,-84.466864673E-03
-1.361600E-06,-229.937242E-06,-84.324276735E-03
-1.356600E-06,-159.610609E-06,-84.322706383E-03
-1.351600E-06,-73.379454E-06,-84.315796836E-03
-1.346600E-06,-162.650810E-06,-84.476286784E-03
-1.341600E-06,-71.771414E-06,-84.332128494E-03
-1.336600E-06,-49.409605E-06,-84.318309398E-03
-1.331600E-06,-92.600560E-06,-84.351600855E-03
-1.326600E-06,-71.469907E-06,-84.423208895E-03
-1.321600E-06,-5.113123E-06,-84.328673720E-03
-1.316600E-06,+967.278E-09,-84.339352112E-03
-1.311600E-06,-64.560359E-06,-84.368246584E-03
-1.306600E-06,-5.037747E-06,-84.466864673E-03
-1.301600E-06,-1.268902E-06,-84.383007890E-03
-1.296600E-06,-13.329204E-06,-84.297580755E-03
-1.291600E-06,+8.354213E-06,-84.461525477E-03
-1.286600E-06,+58.002454E-06,-84.483510402E-03
-1.281600E-06,-37.098048E-06,-84.332128494E-03
-1.276600E-06,+88.530092E-06,-84.358510403E-03
-1.271600E-06,+41.695921E-06,-84.378610905E-03
-1.266600E-06,+116.469790E-06,-84.466864673E-03
-1.261600E-06,+111.821549E-06,-84.360080755E-03
-1.256600E-06,-28.806591E-06,-84.331500353E-03
-1.251600E-06,+126.520041E-06,-84.332442564E-03
-1.246600E-06,+34.459740E-06,-84.498899849E-03
-1.241600E-06,+77.901951E-06,-84.356625981E-03
-1.236600E-06,+209.560241E-06,-84.341864675E-03
-1.231600E-06,+43.404464E-06,-84.359452614E-03
-1.226600E-06,+55.439640E-06,-84.474716432E-03
-1.221600E-06,+70.339137E-06,-84.328673720E-03
-1.216600E-06,+153.680845E-06,-84.349088293E-03
-1.211600E-06,+98.228584E-06,-84.401538041E-03
-1.206600E-06,+97.625569E-06,-84.470319447E-03
-1.201600E-06,+63.454715E-06,-84.425721458E-03
-1.196600E-06,+109.685870E-06,-84.315796836E-03
-1.191600E-06,+98.630594E-06,-84.470947588E-03
-1.186600E-06,-19.334229E-06,-84.467806884E-03
-1.181600E-06,+54.133107E-06,-84.307631007E-03
-1.176600E-06,+183.429588E-06,-84.326161157E-03
-1.171600E-06,+83.178333E-06,-84.336839549E-03
-1.166600E-06,+48.680846E-06,-84.451161156E-03
-1.161600E-06,+53.504966E-06,-84.329615931E-03
-1.156600E-06,+40.866776E-06,-84.330558142E-03
-1.151600E-06,+112.173307E-06,-84.347203870E-03
-1.146600E-06,+216.570291E-06,-84.476286784E-03
-1.141600E-06,+117.072805E-06,-84.328673720E-03
-1.136600E-06,+104.258735E-06,-84.306060655E-03
-1.131600E-06,+218.881849E-06,-84.383007890E-03
-1.126600E-06,+260.138130E-06,-84.473774221E-03
-1.121600E-06,+104.635619E-06,-84.363535529E-03
-1.116600E-06,+219.761246E-06,-84.327103368E-03
-1.111600E-06,+181.017528E-06,-84.384892312E-03
-1.106600E-06,+225.791397E-06,-84.450218945E-03
-1.101600E-06,+264.459738E-06,-84.392744071E-03
-1.096600E-06,+271.218532E-06,-84.292241560E-03
-1.091600E-06,+259.710994E-06,-84.470005377E-03
-1.086600E-06,+296.896924E-06,-84.588095828E-03
-1.081600E-06,+225.565266E-06,-84.291299348E-03
-1.076600E-06,+192.324060E-06,-84.400909900E-03
-1.071600E-06,+117.273810E-06,-84.292241560E-03
-1.066600E-06,+170.866774E-06,-84.382065679E-03
-1.061600E-06,+183.881849E-06,-84.291299348E-03
-1.056600E-06,+164.610493E-06,-84.308887288E-03
-1.051600E-06,+110.138132E-06,-84.334326986E-03
-1.046600E-06,+293.128079E-06,-84.489477738E-03
-1.041600E-06,+105.992403E-06,-84.360080755E-03
-1.036600E-06,+217.726070E-06,-84.321764172E-03
-1.031600E-06,+236.620542E-06,-84.370759147E-03
-1.026600E-06,+114.660745E-06,-84.470319447E-03
-1.021600E-06,+244.007477E-06,-84.345319448E-03
-1.016600E-06,+243.404462E-06,-84.329615931E-03
-1.011600E-06,+160.540141E-06,-84.366362162E-03
-1.006600E-06,+35.238635E-06,-84.465922462E-03
-1.001600E-06,+224.233608E-06,-84.397769197E-03
-996.600E-09,+269.509989E-06,-84.319251609E-03
-991.600E-09,+324.258732E-06,-84.473774221E-03
-986.600E-09,+238.153206E-06,-84.495759145E-03
-981.600E-09,+182.072804E-06,-84.335583268E-03
-976.600E-09,+298.102954E-06,-84.352543066E-03
-971.600E-09,+332.349184E-06,-84.383950101E-03
-966.600E-09,+280.439637E-06,-84.486022964E-03
-961.600E-09,+263.128080E-06,-84.359138544E-03
-956.600E-09,+247.575316E-06,-84.327103368E-03
-951.600E-09,+280.665768E-06,-84.331500353E-03
-946.600E-09,+320.967275E-06,-84.477228995E-03
-941.600E-09,+256.092904E-06,-84.320821961E-03
-936.600E-09,+324.158230E-06,-84.315482765E-03
-931.600E-09,+348.354209E-06,-84.375156131E-03
-926.600E-09,+313.731094E-06,-84.469377236E-03
-921.600E-09,+269.761245E-06,-84.388033016E-03
-916.600E-09,+237.901949E-06,-84.323648594E-03
-911.600E-09,+336.871797E-06,-84.385520453E-03
-906.600E-09,+384.133104E-06,-84.459955126E-03
-901.600E-09,+302.273808E-06,-84.403108393E-03
-896.600E-09,+209.007477E-06,-84.324590805E-03
-891.600E-09,+404.434611E-06,-84.472832010E-03
-886.600E-09,+318.203456E-06,-84.508007889E-03
-881.600E-09,+325.891898E-06,-84.316424976E-03
-876.600E-09,+321.545164E-06,-84.313912414E-03
-871.600E-09,+278.354210E-06,-84.359452614E-03
-866.600E-09,+348.153204E-06,-84.486022964E-03
-861.600E-09,+330.113004E-06,-84.345319448E-03
-856.600E-09,+343.530089E-06,-84.335897338E-03
-851.600E-09,+312.273808E-06,-84.348146082E-03
-846.600E-09,+327.801446E-06,-84.456186281E-03
-841.600E-09,+327.148179E-06,-84.336525479E-03
-836.600E-09,+296.620542E-06,-84.337467690E-03
-831.600E-09,+232.826572E-06,-84.388347086E-03
-826.600E-09,+351.871797E-06,-84.451161156E-03
-821.600E-09,+327.751195E-06,-84.377668694E-03
-816.600E-09,+379.233606E-06,-84.346261659E-03
-811.600E-09,+331.570290E-06,-84.400595830E-03
-806.600E-09,+278.982351E-06,-84.471261658E-03
-801.600E-09,+236.695919E-06,-84.394314423E-03
-796.600E-09,+327.173305E-06,-84.312342062E-03
-791.600E-09,+517.575313E-06,-84.449276734E-03
-786.600E-09,+395.263757E-06,-84.499213919E-03
-781.600E-09,+375.791395E-06,-84.350344574E-03
-776.600E-09,+345.012501E-06,-84.346261659E-03
-771.600E-09,+326.771295E-06,-84.342806886E-03
-766.600E-09,+352.751194E-06,-84.477228995E-03
-761.600E-09,+287.575316E-06,-84.360080755E-03
-756.600E-09,+247.751195E-06,-84.344377237E-03
-751.600E-09,+339.183355E-06,-84.366362162E-03
-746.600E-09,+277.349185E-06,-84.491990301E-03
-741.600E-09,+300.640642E-06,-84.334012916E-03
-736.600E-09,+304.208481E-06,-84.322706383E-03
-731.600E-09,+381.193405E-06,-84.392744071E-03
-726.600E-09,+372.399435E-06,-84.454615930E-03
-721.600E-09,+343.731094E-06,-84.372329498E-03
-716.600E-09,+342.474813E-06,-84.350658644E-03
-711.600E-09,+332.600441E-06,-84.375156131E-03
-706.600E-09,+391.193405E-06,-84.479113417E-03
-701.600E-09,+348.530089E-06,-84.402166181E-03
-696.600E-09,+392.399435E-06,-84.307945077E-03
-691.600E-09,+257.399437E-06,-84.441424975E-03
-686.600E-09,+282.449688E-06,-84.494816934E-03
-681.600E-09,+456.846671E-06,-84.355683770E-03
-676.600E-09,+383.932098E-06,-84.346261659E-03
-671.600E-09,+326.369285E-06,-84.374213920E-03
-666.600E-09,+348.856722E-06,-84.451161156E-03
-661.600E-09,+368.680842E-06,-84.339980252E-03
-656.600E-09,+342.148179E-06,-84.334955127E-03
-651.600E-09,+357.575315E-06,-84.340294323E-03
-646.600E-09,+357.876822E-06,-84.467492814E-03
-641.600E-09,+382.977325E-06,-84.339980252E-03
-636.600E-09,+406.545164E-06,-84.336525479E-03
-631.600E-09,+394.082852E-06,-84.352543066E-03
-626.600E-09,+368.178330E-06,-84.462467688E-03
-621.600E-09,+363.329084E-06,-84.347832011E-03
-616.600E-09,+324.660742E-06,-84.339352112E-03
-611.600E-09,+425.138128E-06,-84.389289297E-03
-606.600E-09,+327.977325E-06,-84.486022964E-03
-601.600E-09,+322.123054E-06,-84.421324473E-03
-596.600E-09,+397.751194E-06,-84.312342062E-03
-591.600E-09,+488.329082E-06,-84.457128492E-03
-586.600E-09,+318.027577E-06,-84.507065678E-03
-581.600E-09,+361.721043E-06,-84.362593318E-03
-576.600E-09,+424.283857E-06,-84.366362162E-03
-571.600E-09,+311.545165E-06,-84.399653619E-03
-566.600E-09,+315.741144E-06,-84.474716432E-03
-561.600E-09,+336.092903E-06,-84.355683770E-03
-556.600E-09,+386.319033E-06,-84.354113418E-03
-551.600E-09,+335.389385E-06,-84.347203870E-03
-546.600E-09,+349.233606E-06,-84.488535527E-03
-541.600E-09,+379.007475E-06,-84.332128494E-03
-536.600E-09,+400.339133E-06,-84.321764172E-03
-531.600E-09,+368.856722E-06,-84.375156131E-03
-526.600E-09,+344.560240E-06,-84.474716432E-03
-521.600E-09,+413.504962E-06,-84.347832011E-03
-516.600E-09,+390.816521E-06,-84.365419951E-03
-511.600E-09,+353.278832E-06,-84.387404875E-03
-506.600E-09,+461.444660E-06,-84.442367186E-03
-501.600E-09,+446.997424E-06,-84.403108393E-03
-496.600E-09,+496.118027E-06,-84.309829499E-03
-491.600E-09,+409.334108E-06,-84.473774221E-03
-486.600E-09,+408.329083E-06,-84.501098341E-03
-481.600E-09,+450.565264E-06,-84.359138544E-03
-476.600E-09,+462.927073E-06,-84.365419951E-03
-471.600E-09,+478.077826E-06,-84.374213920E-03
-466.600E-09,+420.213505E-06,-84.431060654E-03
-461.600E-09,+444.685867E-06,-84.365105880E-03
-456.600E-09,+523.806469E-06,-84.346261659E-03
-451.600E-09,+459.861746E-06,-84.343749097E-03
-446.600E-09,+466.620540E-06,-84.487593316E-03
-441.600E-09,+450.314007E-06,-84.328673720E-03
-436.600E-09,+390.615516E-06,-84.326161157E-03
-431.600E-09,+397.901948E-06,-84.375156131E-03
-426.600E-09,+430.138128E-06,-84.447706382E-03
-421.600E-09,+431.143153E-06,-84.356625981E-03
-416.600E-09,+420.062751E-06,-84.354113418E-03
-411.600E-09,+490.037625E-06,-84.404050604E-03
-406.600E-09,+359.459737E-06,-84.489477738E-03
-401.600E-09,+451.067776E-06,-84.403108393E-03
-396.600E-09,+349.007476E-06,-84.296638544E-03
-391.600E-09,+372.474812E-06,-84.432631005E-03
-386.600E-09,+413.806470E-06,-84.466864673E-03
-381.600E-09,+427.826570E-06,-84.345947589E-03
-376.600E-09,+434.484862E-06,-84.376726483E-03
-371.600E-09,+375.339134E-06,-84.394314423E-03
-366.600E-09,+459.384359E-06,-84.461525477E-03
-361.600E-09,+443.705967E-06,-84.339038041E-03
-356.600E-09,+458.404459E-06,-84.334012916E-03
-351.600E-09,+381.545164E-06,-84.350658644E-03
-346.600E-09,+394.937123E-06,-84.491048090E-03
-341.600E-09,+382.298933E-06,-84.360080755E-03
-336.600E-09,+405.238631E-06,-84.342806886E-03
-331.600E-09,+342.198431E-06,-84.373585780E-03
-326.600E-09,+537.650690E-06,-84.437342060E-03
-321.600E-09,+481.972298E-06,-84.376726483E-03
-316.600E-09,+449.308982E-06,-84.378610905E-03
-311.600E-09,+509.057725E-06,-84.395256634E-03
-306.600E-09,+420.087877E-06,-84.470319447E-03
-301.600E-09,+426.997425E-06,-84.419754121E-03
-296.600E-09,+467.223555E-06,-84.316739047E-03
-291.600E-09,+480.665766E-06,-84.489477738E-03
-286.600E-09,+470.866771E-06,-84.503610904E-03
-281.600E-09,+446.092902E-06,-84.382693820E-03
-276.600E-09,+426.092902E-06,-84.357568192E-03
-271.600E-09,+555.138127E-06,-84.378610905E-03
-266.600E-09,+461.972299E-06,-84.475658643E-03
-261.600E-09,+428.680842E-06,-84.336525479E-03
-256.600E-09,+513.479836E-06,-84.347203870E-03
-251.600E-09,+509.761243E-06,-84.355997840E-03
-246.600E-09,+509.635615E-06,-84.515545577E-03
-241.600E-09,+470.891897E-06,-84.366990302E-03
-236.600E-09,+505.967273E-06,-84.338409901E-03
-231.600E-09,+519.836620E-06,-84.403108393E-03
-226.600E-09,+536.419534E-06,-84.474716432E-03
-221.600E-09,+423.228580E-06,-84.366048091E-03
-216.600E-09,+552.148177E-06,-84.349716433E-03
-211.600E-09,+431.092902E-06,-84.383007890E-03
-206.600E-09,+438.630590E-06,-84.493874723E-03
-201.600E-09,+380.188380E-06,-84.416299347E-03
-196.600E-09,+643.932096E-06,-84.307945077E-03
-191.600E-09,+488.303957E-06,-84.456186281E-03
-186.600E-09,+464.107977E-06,-84.503610904E-03
-181.600E-09,+523.002449E-06,-84.339980252E-03
-176.600E-09,+523.530087E-06,-84.369816936E-03
-171.600E-09,+468.027575E-06,-84.379553116E-03
-166.600E-09,+416.092902E-06,-84.501726482E-03
-161.600E-09,+445.464761E-06,-84.360080755E-03
-156.600E-09,+458.781344E-06,-84.325218946E-03
-151.600E-09,+543.253705E-06,-84.346261659E-03
-146.600E-09,+528.957223E-06,-84.476286784E-03
-141.600E-09,+330.741144E-06,-84.360080755E-03
-136.600E-09,+531.042650E-06,-84.349716433E-03
-131.600E-09,+419.786369E-06,-84.401538041E-03
-126.600E-09,+413.303957E-06,-84.472203869E-03
-121.600E-09,+509.761243E-06,-84.346261659E-03
-116.600E-09,+494.359233E-06,-84.369816936E-03
-111.600E-09,+495.942148E-06,-84.397141056E-03
-106.600E-09,+509.484861E-06,-84.466864673E-03
-101.600E-09,+448.831595E-06,-84.410017940E-03
-96.600E-09,+416.319033E-06,-84.327103368E-03
-91.600E-09,+467.499937E-06,-84.565168692E-03
-86.600E-09,+472.550188E-06,-84.541299346E-03
-81.600E-09,+429.158229E-06,-84.402166181E-03
-76.600E-09,+532.927072E-06,-84.401538041E-03
-71.600E-09,+468.429585E-06,-84.312970203E-03
-66.600E-09,+558.756217E-06,-84.472832010E-03
-61.600E-09,+567.248679E-06,-84.338409901E-03
-56.600E-09,+525.766268E-06,-84.327103368E-03
-51.600E-09,+415.138128E-06,-84.323648594E-03
-46.600E-09,+469.560238E-06,-84.478171206E-03
-41.600E-09,+545.640639E-06,-84.329615931E-03
-36.600E-09,+539.811494E-06,-84.349402363E-03
-31.600E-09,+563.630589E-06,-84.430118442E-03
-26.600E-09,+520.188378E-06,-84.287216434E-03
-21.600E-09,+559.107976E-06,-83.995445080E-03
-16.600E-09,+601.947172E-06,-79.459955179E-03
-11.600E-09,+503.680841E-06,-58.133950383E-03
-6.600E-09,+494.308982E-06,-20.523712092E-03
-1.600E-09,+559.685865E-06,+20.008636720E-03
+3.400E-09,+546.570288E-06,+55.210583579E-03
+8.400E-09,+489.032600E-06,+72.508322088E-03
+13.400E-09,+560.263755E-06,+76.233824560E-03
+18.400E-09,+485.138128E-06,+77.992932582E-03
+23.400E-09,+493.052700E-06,+78.400595894E-03
+28.400E-09,+412.223555E-06,+78.530306948E-03
+33.400E-09,+498.781343E-06,+78.338724035E-03
+38.400E-09,+377.801445E-06,+78.074904943E-03
+43.400E-09,+455.841645E-06,+73.525595946E-03
+48.400E-09,+561.067775E-06,+52.074591151E-03
+53.400E-09,+528.655715E-06,+14.269943315E-03
+58.400E-09,+554.208479E-06,-25.828046205E-03
+63.400E-09,+490.389384E-06,-61.138347335E-03
+68.400E-09,+464.258731E-06,-78.496073280E-03
+73.400E-09,+441.846671E-06,-82.350030525E-03
+78.400E-09,+526.218529E-06,-83.801349605E-03
+83.400E-09,+537.977323E-06,-84.041927492E-03
+88.400E-09,+448.932098E-06,-84.051349602E-03
+93.400E-09,+549.585363E-06,-84.262090806E-03
+98.400E-09,+511.796419E-06,-84.086525481E-03
+103.400E-09,+464.082851E-06,-83.972203875E-03
+108.400E-09,+562.424559E-06,-84.120445079E-03
+113.400E-09,+517.876821E-06,-84.172894827E-03
+118.400E-09,+558.806468E-06,-84.102543069E-03
+123.400E-09,+449.786369E-06,-84.181374727E-03
+128.400E-09,+520.339132E-06,-84.284389801E-03
+133.400E-09,+508.052700E-06,-84.432002865E-03
+138.400E-09,+566.042649E-06,-84.399339548E-03
+143.400E-09,+423.655716E-06,-84.442053116E-03
+148.400E-09,+612.449684E-06,-84.492932512E-03
+153.400E-09,+673.153201E-06,-84.634264169E-03
+158.400E-09,+627.298930E-06,-84.470005377E-03
+163.400E-09,+541.972298E-06,-84.448334523E-03
+168.400E-09,+549.107976E-06,-84.471261658E-03
+173.400E-09,+514.761243E-06,-84.511462663E-03
+178.400E-09,+479.007474E-06,-84.367932513E-03
+183.400E-09,+549.459735E-06,-84.292241560E-03
+188.400E-09,+535.841645E-06,-84.262718947E-03
+193.400E-09,+465.213505E-06,-84.317681258E-03
+198.400E-09,+491.871796E-06,-84.248585781E-03
+203.400E-09,+507.449685E-06,-84.158761661E-03
+208.400E-09,+487.776318E-06,-84.347203870E-03
+213.400E-09,+593.731091E-06,-84.432945076E-03
+218.400E-09,+563.228579E-06,-84.316424976E-03
+223.400E-09,+402.022551E-06,-84.373271709E-03
+228.400E-09,+428.052701E-06,-84.425721458E-03
+233.400E-09,+550.288881E-06,-84.545382260E-03
+238.400E-09,+565.464760E-06,-84.464666181E-03
+243.400E-09,+519.761243E-06,-84.447392312E-03
+248.400E-09,+561.545162E-06,-84.443937538E-03
+253.400E-09,+457.474811E-06,-84.560143567E-03
+258.400E-09,+517.927072E-06,-84.380181257E-03
+263.400E-09,+469.736118E-06,-84.337467690E-03
+268.400E-09,+495.615514E-06,-84.360394825E-03
+273.400E-09,+541.369283E-06,-84.459012915E-03
+278.400E-09,+509.710992E-06,-84.317367187E-03
+283.400E-09,+394.962249E-06,-84.311399851E-03
+288.400E-09,+88.555217E-06,-84.340294323E-03
+293.400E-09,-46.495033E-06,-84.408447588E-03
+298.400E-09,-180.640760E-06,-84.340294323E-03
+303.400E-09,-385.012617E-06,-84.292241560E-03
+308.400E-09,-447.123169E-06,-84.440482764E-03
+313.400E-09,-568.505077E-06,-84.493874723E-03
+318.400E-09,-587.098042E-06,-84.372957639E-03
+323.400E-09,-640.439750E-06,-84.396826986E-03
+328.400E-09,-841.118140E-06,-84.422266684E-03
+333.400E-09,-758.806583E-06,-84.530620954E-03
+338.400E-09,-899.736229E-06,-84.409703870E-03
+343.400E-09,-986.193515E-06,-84.412530503E-03
+348.400E-09,-1.034937233E-03,-84.402166181E-03
+353.400E-09,-1.125691001E-03,-84.558259145E-03
+358.400E-09,-1.392500043E-03,-84.367932513E-03
+363.400E-09,-1.293655823E-03,-84.321764172E-03
+368.400E-09,-1.399510093E-03,-84.362907388E-03
+373.400E-09,-1.485489992E-03,-84.440796834E-03
+378.400E-09,-1.516520142E-03,-84.351286785E-03
+383.400E-09,-1.501545268E-03,-84.320193821E-03
+388.400E-09,-1.322248788E-03,-84.367304373E-03
+393.400E-09,-1.181871905E-03,-84.459012915E-03
+398.400E-09,-1.128278941E-03,-84.367304373E-03
+403.400E-09,-1.065288992E-03,-84.307945077E-03
+408.400E-09,-988.731203E-06,-84.468435025E-03
+413.400E-09,-1.030263866E-03,-84.492932512E-03
+418.400E-09,-976.143264E-06,-84.374842061E-03
+423.400E-09,-931.746279E-06,-84.374213920E-03
+428.400E-09,-797.324170E-06,-84.406563166E-03
+433.400E-09,-839.912110E-06,-84.481625980E-03
+438.400E-09,-885.339245E-06,-84.357254122E-03
+443.400E-09,-810.037738E-06,-84.348774222E-03
+448.400E-09,-782.173417E-06,-84.327103368E-03
+453.400E-09,-806.319145E-06,-84.454615930E-03
+458.400E-09,-691.444774E-06,-84.333070705E-03
+463.400E-09,-741.243769E-06,-84.347203870E-03
+468.400E-09,-654.912111E-06,-84.345633519E-03
+473.400E-09,-710.087990E-06,-84.436399849E-03
+478.400E-09,-589.158343E-06,-84.359138544E-03
+483.400E-09,-570.816635E-06,-84.339352112E-03
+488.400E-09,-544.660856E-06,-84.397769197E-03
+493.400E-09,-565.816635E-06,-84.466864673E-03
+498.400E-09,-538.454826E-06,-84.415357136E-03
+503.400E-09,-369.660858E-06,-84.284389801E-03
+508.400E-09,-454.761360E-06,-84.436085779E-03
+513.400E-09,-454.510104E-06,-84.498271708E-03
+518.400E-09,-412.500054E-06,-84.366990302E-03
+523.400E-09,-355.213622E-06,-84.361965177E-03
+528.400E-09,-316.319150E-06,-84.374213920E-03
+533.400E-09,-347.123170E-06,-84.463409899E-03
+538.400E-09,-297.424678E-06,-84.296324474E-03
+543.400E-09,-333.580457E-06,-84.334012916E-03
+548.400E-09,-286.796538E-06,-84.320193821E-03
+553.400E-09,-210.490006E-06,-84.472832010E-03
+558.400E-09,-194.786488E-06,-84.355683770E-03
+563.400E-09,-346.319150E-06,-84.318309398E-03
+568.400E-09,-328.228698E-06,-84.352543066E-03
+573.400E-09,-218.605584E-06,-84.436399849E-03
+578.400E-09,-373.077944E-06,-84.335583268E-03
+583.400E-09,-270.615633E-06,-84.355055629E-03
+588.400E-09,-232.902066E-06,-84.379553116E-03
+593.400E-09,-288.379452E-06,-84.490419949E-03
+598.400E-09,-313.856839E-06,-84.386462664E-03
+603.400E-09,-175.289001E-06,-84.300093318E-03
+608.400E-09,-173.580458E-06,-84.440482764E-03
+613.400E-09,-163.505082E-06,-84.486965176E-03
+618.400E-09,-273.253824E-06,-84.341550604E-03
+623.400E-09,-238.630709E-06,-84.334012916E-03
+628.400E-09,-130.213625E-06,-84.358510403E-03
+633.400E-09,-200.439755E-06,-84.466864673E-03
+638.400E-09,-160.967393E-06,-84.319879750E-03
+643.400E-09,-104.459856E-06,-84.330558142E-03
+648.400E-09,-148.856841E-06,-84.335897338E-03
+653.400E-09,-186.570408E-06,-84.471889799E-03
+658.400E-09,-84.660861E-06,-84.332128494E-03
+663.400E-09,-78.706088E-06,-84.314854625E-03
+668.400E-09,-165.113122E-06,-84.378610905E-03
+673.400E-09,-74.786490E-06,-84.439854623E-03
+678.400E-09,-67.123173E-06,-84.326789298E-03
+683.400E-09,-70.640761E-06,-84.357568192E-03
+688.400E-09,+13.027580E-06,-84.391801860E-03
+693.400E-09,-66.419655E-06,-84.466864673E-03
+698.400E-09,-124.685987E-06,-84.414414925E-03
+703.400E-09,+36.067781E-06,-84.301035529E-03
+708.400E-09,+30.464766E-06,-84.461525477E-03
+713.400E-09,-28.128199E-06,-84.486965176E-03
+718.400E-09,+54.861750E-06,-84.341550604E-03
+723.400E-09,-5.314129E-06,-84.355997840E-03
+728.400E-09,-2.123174E-06,-84.371701358E-03
+733.400E-09,+15.866776E-06,-84.470319447E-03
+738.400E-09,-6.268902E-06,-84.327731509E-03
+743.400E-09,+7.022555E-06,-84.341864675E-03
+748.400E-09,+6.494917E-06,-84.339352112E-03
+753.400E-09,-48.932218E-06,-84.496387286E-03
+758.400E-09,-73.806590E-06,-84.372329498E-03
+763.400E-09,-35.691013E-06,-84.348774222E-03
+768.400E-09,+80.364263E-06,-84.376098343E-03
+773.400E-09,+156.922051E-06,-84.464352110E-03
+778.400E-09,+75.339137E-06,-84.328673720E-03
+783.400E-09,+53.555218E-06,-84.369188795E-03
+788.400E-09,+89.208484E-06,-84.392744071E-03
+793.400E-09,-8.680963E-06,-84.487907387E-03
+798.400E-09,+86.545167E-06,-84.395256634E-03
+803.400E-09,+79.208484E-06,-84.303548092E-03
+808.400E-09,+61.821549E-06,-84.460583266E-03
+813.400E-09,+104.710996E-06,-84.487907387E-03
+818.400E-09,+118.027579E-06,-84.304176233E-03
+823.400E-09,+182.349186E-06,-84.341864675E-03
+828.400E-09,+179.384362E-06,-84.367304373E-03
+833.400E-09,+123.002453E-06,-84.462467688E-03
+838.400E-09,+136.645669E-06,-84.335583268E-03
+843.400E-09,+96.620544E-06,-84.334012916E-03
+848.400E-09,+121.695920E-06,-84.341864675E-03
+853.400E-09,+212.700945E-06,-84.476286784E-03
+858.400E-09,+123.454714E-06,-84.328673720E-03
+863.400E-09,+126.922051E-06,-84.342806886E-03
+868.400E-09,+104.107981E-06,-84.371701358E-03
+873.400E-09,+152.625568E-06,-84.462467688E-03
+878.400E-09,+119.987378E-06,-84.359138544E-03
+883.400E-09,+155.439639E-06,-84.342806886E-03
+888.400E-09,+137.449689E-06,-84.371701358E-03
+893.400E-09,+161.193407E-06,-84.455558141E-03
+898.400E-09,+147.726071E-06,-84.408447588E-03
+903.400E-09,+208.454713E-06,-84.316739047E-03
+908.400E-09,+87.776323E-06,-84.463095829E-03
+913.400E-09,+164.509990E-06,-84.588095828E-03
+918.400E-09,+228.982351E-06,-84.310457640E-03
+923.400E-09,+205.489889E-06,-84.404364674E-03
+928.400E-09,+263.655718E-06,-84.290357137E-03
+933.400E-09,+86.494916E-06,-84.383950101E-03
+938.400E-09,+278.806471E-06,-84.307002866E-03
+943.400E-09,+229.007477E-06,-84.316739047E-03
+948.400E-09,+243.630592E-06,-84.333384775E-03
+953.400E-09,+214.384362E-06,-84.489477738E-03
+958.400E-09,+283.781346E-06,-84.354741559E-03
+963.400E-09,+212.675819E-06,-84.342806886E-03
+968.400E-09,+175.163256E-06,-84.367304373E-03
+973.400E-09,+268.806472E-06,-84.462467688E-03
+978.400E-09,+193.504965E-06,-84.344377237E-03
+983.400E-09,+206.469789E-06,-84.338409901E-03
+988.400E-09,+217.047678E-06,-84.386462664E-03
+993.400E-09,+215.640643E-06,-84.473774221E-03
+998.400E-09,+235.866773E-06,-84.386462664E-03
+1.003400E-06,+324.509989E-06,-84.308887288E-03
+1.008400E-06,+224.107980E-06,-84.491990301E-03
+1.013400E-06,+274.082853E-06,-84.514917437E-03
+1.018400E-06,+325.263757E-06,-84.336525479E-03
+1.023400E-06,+251.469788E-06,-84.363849599E-03
+1.028400E-06,+255.414512E-06,-84.363849599E-03
+1.033400E-06,+267.901949E-06,-84.483510402E-03
+1.038400E-06,+255.841648E-06,-84.355683770E-03
+1.043400E-06,+299.660743E-06,-84.349716433E-03
+1.048400E-06,+272.324059E-06,-84.343749097E-03
+1.053400E-06,+222.625568E-06,-84.491990301E-03
+1.058400E-06,+201.997427E-06,-84.323334524E-03
+1.063400E-06,+323.429587E-06,-84.315482765E-03
+1.068400E-06,+87.575318E-06,-84.398711408E-03
+1.073400E-06,+216.419537E-06,-84.482568191E-03
+1.078400E-06,+293.881848E-06,-84.360080755E-03
+1.083400E-06,+319.007476E-06,-84.331500353E-03
+1.088400E-06,+191.947176E-06,-84.386462664E-03
+1.093400E-06,+222.700944E-06,-84.455558141E-03
+1.098400E-06,+304.007476E-06,-84.403108393E-03
+1.103400E-06,+278.329085E-06,-84.313284273E-03
+1.108400E-06,+329.660742E-06,-84.456186281E-03
+1.113400E-06,+232.751196E-06,-84.511462663E-03
+1.118400E-06,+277.474813E-06,-84.323334524E-03
+1.123400E-06,+265.665768E-06,-84.338409901E-03
+1.128400E-06,+237.927075E-06,-84.368246584E-03
+1.133400E-06,+423.856721E-06,-84.467806884E-03
+1.138400E-06,+312.952200E-06,-84.353171207E-03
+1.143400E-06,+325.741144E-06,-84.351600855E-03
+1.148400E-06,+382.223556E-06,-84.351600855E-03
+1.153400E-06,+336.620541E-06,-84.476286784E-03
+1.158400E-06,+363.881847E-06,-84.335583268E-03
+1.163400E-06,+389.484862E-06,-84.333070705E-03
+1.168400E-06,+265.791396E-06,-84.376098343E-03
+1.173400E-06,+366.193405E-06,-84.447706382E-03
+1.178400E-06,+471.871796E-06,-84.356625981E-03
+1.183400E-06,+317.374310E-06,-84.347203870E-03
+1.188400E-06,+361.469787E-06,-84.384892312E-03
+1.193400E-06,+397.449686E-06,-84.476600854E-03
+1.198400E-06,+367.876822E-06,-84.406563166E-03
+1.203400E-06,+319.962250E-06,-84.339352112E-03
+1.208400E-06,+438.831595E-06,-84.461525477E-03
+1.213400E-06,+224.786372E-06,-84.502668693E-03
+1.218400E-06,+354.434611E-06,-84.350344574E-03
+1.223400E-06,+299.635617E-06,-84.354113418E-03
+1.228400E-06,+344.334109E-06,-84.390859649E-03
+1.233400E-06,+385.263757E-06,-84.458070703E-03
+1.238400E-06,+422.826570E-06,-84.369502865E-03
+1.243400E-06,+354.308983E-06,-84.358510403E-03
+1.248400E-06,+409.710993E-06,-84.354113418E-03
+1.253400E-06,+240.615517E-06,-84.480683769E-03
+1.258400E-06,+238.705969E-06,-84.328673720E-03
+1.263400E-06,+329.610491E-06,-84.366362162E-03
+1.268400E-06,+333.479838E-06,-84.372643569E-03
+1.273400E-06,+351.972300E-06,-84.475658643E-03
+1.278400E-06,+349.283858E-06,-84.374842061E-03
+1.283400E-06,+396.746169E-06,-84.338409901E-03
+1.288400E-06,+395.389385E-06,-84.402166181E-03
+1.293400E-06,+251.997427E-06,-84.462467688E-03
+1.298400E-06,+337.650692E-06,-84.382065679E-03
+1.303400E-06,+342.650692E-06,-84.301035529E-03
+1.308400E-06,+314.736119E-06,-84.461525477E-03
+1.313400E-06,+366.746169E-06,-84.488849598E-03
+1.318400E-06,+395.414510E-06,-84.362593318E-03
+1.323400E-06,+374.585365E-06,-84.361965177E-03
+1.328400E-06,+406.494912E-06,-84.378610905E-03
+1.333400E-06,+369.032601E-06,-84.471261658E-03
+1.338400E-06,+446.997424E-06,-84.371387287E-03
+1.343400E-06,+433.429585E-06,-84.339352112E-03
+1.348400E-06,+437.525063E-06,-84.343749097E-03
+1.353400E-06,+413.253706E-06,-84.496387286E-03
+1.358400E-06,+415.540138E-06,-84.355683770E-03
+1.363400E-06,+376.947174E-06,-84.340922464E-03
+1.368400E-06,+370.866772E-06,-84.369816936E-03
+1.373400E-06,+398.605465E-06,-84.456500352E-03
+1.378400E-06,+416.268782E-06,-84.360080755E-03
+1.383400E-06,+457.047676E-06,-84.367304373E-03
+1.388400E-06,+412.600440E-06,-84.399653619E-03
+1.393400E-06,+405.263757E-06,-84.474716432E-03
+1.398400E-06,+382.751194E-06,-84.405620955E-03
+1.403400E-06,+333.831597E-06,-84.327103368E-03
+1.408400E-06,+411.319033E-06,-84.477228995E-03
+1.413400E-06,+468.354208E-06,-84.495759145E-03
+1.418400E-06,+408.303958E-06,-84.343435026E-03
+1.423400E-06,+480.464761E-06,-84.359452614E-03
+1.428400E-06,+441.218530E-06,-84.390859649E-03
+1.433400E-06,+419.208480E-06,-84.484452613E-03
+1.438400E-06,+354.233606E-06,-84.351286785E-03
+1.443400E-06,+425.967274E-06,-84.355055629E-03
+1.448400E-06,+402.751194E-06,-84.351600855E-03
+1.453400E-06,+396.118028E-06,-84.481625980E-03
+1.458400E-06,+435.288882E-06,-84.328673720E-03
+1.463400E-06,+480.791394E-06,-84.333070705E-03
+1.468400E-06,+465.741143E-06,-84.398711408E-03
+1.473400E-06,+372.851697E-06,-84.479113417E-03
+1.478400E-06,+453.429585E-06,-84.355683770E-03
+1.483400E-06,+425.515013E-06,-84.358510403E-03
+1.488400E-06,+460.314007E-06,-84.390859649E-03
+1.493400E-06,+382.298933E-06,-84.483510402E-03
+1.498400E-06,+478.906972E-06,-84.395256634E-03
+1.503400E-06,+437.625565E-06,-84.313284273E-03
+1.508400E-06,+500.741142E-06,-84.469377236E-03
+1.513400E-06,+504.635615E-06,-84.498271708E-03
+1.518400E-06,+515.012499E-06,-84.370445076E-03
+1.523400E-06,+521.319032E-06,-84.353171207E-03
+1.528400E-06,+418.856721E-06,-84.370759147E-03
+1.533400E-06,+412.047676E-06,-84.455558141E-03
+1.538400E-06,+377.474812E-06,-84.338095830E-03
+1.543400E-06,+474.962248E-06,-84.341864675E-03
+1.548400E-06,+426.670791E-06,-84.331500353E-03
+1.553400E-06,+485.540138E-06,-84.504239045E-03
+1.558400E-06,+408.379334E-06,-84.339980252E-03
+1.563400E-06,+488.329082E-06,-84.341864675E-03
+1.568400E-06,+475.917022E-06,-84.391801860E-03
+1.573400E-06,+482.072801E-06,-84.462467688E-03
+1.578400E-06,+423.354209E-06,-84.360080755E-03
+1.583400E-06,+418.781344E-06,-84.358510403E-03
+1.588400E-06,+349.158230E-06,-84.407505377E-03
+1.593400E-06,+479.861746E-06,-84.486022964E-03
+1.598400E-06,+444.308982E-06,-84.406563166E-03
+1.603400E-06,+420.288882E-06,-84.282505379E-03
+1.608400E-06,+373.102953E-06,-84.432631005E-03
+1.613400E-06,+420.464761E-06,-84.467806884E-03
+1.618400E-06,+527.198429E-06,-84.362593318E-03
+1.623400E-06,+425.690892E-06,-84.369816936E-03
+1.628400E-06,+513.379333E-06,-84.395256634E-03
+1.633400E-06,+492.525062E-06,-84.466864673E-03
+1.638400E-06,+463.329083E-06,-84.324276735E-03
+1.643400E-06,+451.947173E-06,-84.369816936E-03
+1.648400E-06,+429.886872E-06,-84.355055629E-03
+1.653400E-06,+481.922047E-06,-84.491990301E-03
+1.658400E-06,+460.339133E-06,-84.344377237E-03
+1.663400E-06,+486.947173E-06,-84.350658644E-03
+1.668400E-06,+454.861746E-06,-84.382379750E-03
+1.673400E-06,+424.509988E-06,-84.436399849E-03
+1.678400E-06,+409.610490E-06,-84.380181257E-03
+1.683400E-06,+438.479837E-06,-84.377668694E-03
+1.688400E-06,+402.072802E-06,-84.399653619E-03
+1.693400E-06,+500.791394E-06,-84.486965176E-03
+1.698400E-06,+397.751194E-06,-84.430118442E-03
+1.703400E-06,+425.967274E-06,-84.328045579E-03
+1.708400E-06,+440.891897E-06,-84.469377236E-03
+1.713400E-06,+572.600438E-06,-84.503610904E-03
+1.718400E-06,+526.017524E-06,-84.355683770E-03
+1.723400E-06,+417.072802E-06,-84.386462664E-03
+1.728400E-06,+436.645666E-06,-84.389917438E-03
+1.733400E-06,+503.555213E-06,-84.481625980E-03
+1.738400E-06,+443.906972E-06,-84.335583268E-03
+1.743400E-06,+494.208479E-06,-84.362907388E-03
+1.748400E-06,+511.871796E-06,-84.363849599E-03
+1.753400E-06,+508.178328E-06,-84.505181256E-03
+1.758400E-06,+506.846670E-06,-84.379239046E-03
+1.763400E-06,+479.685866E-06,-84.357568192E-03
+1.768400E-06,+451.947173E-06,-84.378610905E-03
+1.773400E-06,+499.736117E-06,-84.467806884E-03
+1.778400E-06,+511.092901E-06,-84.366990302E-03
+1.783400E-06,+519.836620E-06,-84.346261659E-03
+1.788400E-06,+503.705967E-06,-84.415357136E-03
+1.793400E-06,+475.238630E-06,-84.475658643E-03
+1.798400E-06,+414.585364E-06,-84.422266684E-03
+1.803400E-06,+467.776319E-06,-84.323648594E-03
+1.808400E-06,+539.962248E-06,-84.464980251E-03
+1.813400E-06,+528.479836E-06,-84.509892311E-03
+1.818400E-06,+521.394409E-06,-84.331186283E-03
+1.823400E-06,+556.670790E-06,-84.354113418E-03
+1.828400E-06,+455.138128E-06,-84.390859649E-03
+1.833400E-06,+613.881845E-06,-84.494816934E-03
+1.838400E-06,+587.424559E-06,-84.370445076E-03
+1.843400E-06,+619.334106E-06,-84.330558142E-03
+1.848400E-06,+414.484862E-06,-84.347203870E-03
+1.853400E-06,+546.645665E-06,-84.485080753E-03
+1.858400E-06,+482.801444E-06,-84.336525479E-03
+1.863400E-06,+567.148177E-06,-84.330558142E-03
+1.868400E-06,+481.545163E-06,-84.404050604E-03
+1.873400E-06,+480.263756E-06,-84.474716432E-03
+1.878400E-06,+522.575313E-06,-84.376726483E-03
+1.883400E-06,+464.560238E-06,-84.385520453E-03
+1.888400E-06,+537.751192E-06,-84.408447588E-03
+1.893400E-06,+441.796419E-06,-84.483510402E-03
+1.898400E-06,+515.590389E-06,-84.405620955E-03
+1.903400E-06,+626.067774E-06,-84.323648594E-03
+1.908400E-06,+529.258730E-06,-84.552919949E-03
+1.913400E-06,+427.901947E-06,-84.528108391E-03
+1.918400E-06,+450.615515E-06,-84.390859649E-03
+1.923400E-06,+547.851695E-06,-84.402480252E-03
+1.928400E-06,+444.283857E-06,-84.301663670E-03
+1.933400E-06,+447.575314E-06,-84.441424975E-03
+1.938400E-06,+521.670790E-06,-84.326161157E-03
+1.943400E-06,+404.635616E-06,-84.330558142E-03
+1.948400E-06,+501.118027E-06,-84.331500353E-03
+1.953400E-06,+572.625564E-06,-84.470319447E-03
+1.958400E-06,+429.861746E-06,-84.326161157E-03
+1.963400E-06,+421.394410E-06,-84.349402363E-03
+1.968400E-06,+534.836619E-06,-84.450218945E-03
+1.973400E-06,+531.243655E-06,-84.290671208E-03
+1.978400E-06,+551.469785E-06,-84.005809402E-03
+1.983400E-06,+526.168278E-06,-79.417241612E-03
+1.988400E-06,+577.700941E-06,-58.016174002E-03
+1.993400E-06,+549.283855E-06,-20.371073903E-03
+1.998400E-06,+598.253704E-06,+20.182945763E-03
+2.003400E-06,+549.233604E-06,+55.282191619E-03
+2.008400E-06,+531.017524E-06,+72.539729123E-03
+2.013400E-06,+591.268780E-06,+76.222518028E-03
+2.018400E-06,+535.163253E-06,+77.998899918E-03
+2.023400E-06,+632.273804E-06,+78.384892377E-03
+2.028400E-06,+550.866770E-06,+78.545068254E-03
+2.033400E-06,+593.555212E-06,+78.353485342E-03
+2.038400E-06,+553.982348E-06,+78.070507958E-03
+2.043400E-06,+497.927072E-06,+73.498585896E-03
+2.048400E-06,+539.962248E-06,+51.962153966E-03
+2.053400E-06,+506.469786E-06,+14.122330251E-03
+2.058400E-06,+544.736117E-06,-25.960583892E-03
+2.063400E-06,+513.454710E-06,-61.225658892E-03
+2.068400E-06,+540.414509E-06,-78.514289360E-03
+2.073400E-06,+536.695916E-06,-82.347517962E-03
+2.078400E-06,+441.922048E-06,-83.775909907E-03
+2.083400E-06,+546.670790E-06,-84.053234024E-03
+2.088400E-06,+504.334107E-06,-84.081814426E-03
+2.093400E-06,+546.997423E-06,-84.290671208E-03
+2.098400E-06,+492.876821E-06,-84.102228999E-03
+2.103400E-06,+582.097926E-06,-83.991362166E-03
+2.108400E-06,+534.560238E-06,-84.128296838E-03
+2.113400E-06,+481.871796E-06,-84.200847088E-03
+2.118400E-06,+543.655715E-06,-84.113849602E-03
+2.123400E-06,+538.329082E-06,-84.200533018E-03
+2.128400E-06,+532.173303E-06,-84.307002866E-03
+2.133400E-06,+485.188379E-06,-84.435457638E-03
+2.138400E-06,+592.148177E-06,-84.411588292E-03
+2.143400E-06,+508.806469E-06,-84.449904874E-03
+2.148400E-06,+467.198429E-06,-84.516487788E-03
+2.153400E-06,+473.856721E-06,-84.650909897E-03
+2.158400E-06,+502.776318E-06,-84.492618442E-03
+2.163400E-06,+595.992398E-06,-84.449276734E-03
+2.168400E-06,+474.133103E-06,-84.462467688E-03
+2.173400E-06,+544.208479E-06,-84.500156130E-03
+2.178400E-06,+535.741142E-06,-84.339980252E-03
+2.183400E-06,+562.751192E-06,-84.296638544E-03
+2.188400E-06,+491.193404E-06,-84.281877238E-03
+2.193400E-06,+582.349182E-06,-84.329930001E-03
+2.198400E-06,+524.610489E-06,-84.249527992E-03
+2.203400E-06,+566.871795E-06,-84.160332013E-03
+2.208400E-06,+598.982347E-06,-84.335897338E-03
+2.213400E-06,+531.670790E-06,-84.416299347E-03
+2.218400E-06,+573.680840E-06,-84.342492815E-03
+2.223400E-06,+537.851695E-06,-84.377668694E-03
+2.228400E-06,+535.866770E-06,-84.438912412E-03
+2.233400E-06,+588.128076E-06,-84.562027989E-03
+2.238400E-06,+557.449685E-06,-84.461211407E-03
+2.243400E-06,+530.665765E-06,-84.439540553E-03
+2.248400E-06,+657.525060E-06,-84.459641055E-03
+2.253400E-06,+599.032599E-06,-84.574904873E-03
+2.258400E-06,+648.756216E-06,-84.390545579E-03
+2.263400E-06,+612.298930E-06,-84.373271709E-03
+2.268400E-06,+523.253705E-06,-84.355997840E-03
+2.273400E-06,+562.298931E-06,-84.444251608E-03
+2.278400E-06,+612.650689E-06,-84.324276735E-03
+2.283400E-06,+402.374309E-06,-84.304490303E-03
+2.288400E-06,+206.444663E-06,-84.331500353E-03
+2.293400E-06,+26.143158E-06,-84.416299347E-03
+2.298400E-06,-212.675935E-06,-84.343749097E-03
+2.303400E-06,-194.007594E-06,-84.288786786E-03
+2.308400E-06,-308.731211E-06,-84.445821960E-03
+2.313400E-06,-403.831712E-06,-84.486965176E-03
+2.318400E-06,-492.098043E-06,-84.362593318E-03
+2.323400E-06,-602.701057E-06,-84.382065679E-03
+2.328400E-06,-660.741257E-06,-84.437970201E-03
+2.333400E-06,-781.972412E-06,-84.518372210E-03
+2.338400E-06,-834.786481E-06,-84.382693820E-03
+2.343400E-06,-974.208590E-06,-84.398711408E-03
+2.348400E-06,-1.122273916E-03,-84.387404875E-03
+2.353400E-06,-1.138479945E-03,-84.531249095E-03
+2.358400E-06,-1.208806578E-03,-84.346889800E-03
+2.363400E-06,-1.209183462E-03,-84.349716433E-03
+2.368400E-06,-1.281821653E-03,-84.351600855E-03
+2.373400E-06,-1.326319139E-03,-84.454615930E-03
+2.378400E-06,-1.438505068E-03,-84.343435026E-03
+2.383400E-06,-1.388932204E-03,-84.331500353E-03
+2.388400E-06,-1.215565372E-03,-84.384892312E-03
+2.393400E-06,-1.126168388E-03,-84.450218945E-03
+2.398400E-06,-1.135791503E-03,-84.383007890E-03
+2.403400E-06,-1.005841756E-03,-84.307945077E-03
+2.408400E-06,-1.065917132E-03,-84.449276734E-03
+2.413400E-06,-938.907083E-06,-84.508007889E-03
+2.418400E-06,-886.419647E-06,-84.345947589E-03
+2.423400E-06,-858.907084E-06,-84.378610905E-03
+2.428400E-06,-854.409597E-06,-84.387404875E-03
+2.433400E-06,-695.163367E-06,-84.510520452E-03
+2.438400E-06,-684.359347E-06,-84.369502865E-03
+2.443400E-06,-749.108090E-06,-84.388033016E-03
+2.448400E-06,-659.685981E-06,-84.359452614E-03
+2.453400E-06,-616.268896E-06,-84.477228995E-03
+2.458400E-06,-726.771407E-06,-84.366990302E-03
+2.463400E-06,-671.947287E-06,-84.349716433E-03
+2.468400E-06,-557.349298E-06,-84.355997840E-03
+2.473400E-06,-639.585478E-06,-84.436399849E-03
+2.478400E-06,-534.459851E-06,-84.339038041E-03
+2.483400E-06,-449.459852E-06,-84.338409901E-03
+2.488400E-06,-496.796535E-06,-84.393372212E-03
+2.493400E-06,-466.520154E-06,-84.478171206E-03
+2.498400E-06,-475.640757E-06,-84.394314423E-03
+2.503400E-06,-462.575430E-06,-84.300093318E-03
+2.508400E-06,-511.469902E-06,-84.432631005E-03
+2.513400E-06,-473.329199E-06,-84.495759145E-03
+2.518400E-06,-424.082968E-06,-84.361651107E-03
+2.523400E-06,-512.198545E-06,-84.381123468E-03
+2.528400E-06,-407.726184E-06,-84.382065679E-03
+2.533400E-06,-315.515130E-06,-84.475658643E-03
+2.538400E-06,-334.384477E-06,-84.312970203E-03
+2.543400E-06,-342.374426E-06,-84.312342062E-03
+2.548400E-06,-286.042769E-06,-84.335897338E-03
+2.553400E-06,-409.459853E-06,-84.472832010E-03
+2.558400E-06,-358.253823E-06,-84.324276735E-03
+2.563400E-06,-281.118146E-06,-84.325218946E-03
+2.568400E-06,-226.444779E-06,-84.336839549E-03
+2.573400E-06,-296.118145E-06,-84.429490302E-03
+2.578400E-06,-207.248800E-06,-84.332128494E-03
+2.583400E-06,-166.821664E-06,-84.342806886E-03
+2.588400E-06,-294.233723E-06,-84.371701358E-03
+2.593400E-06,-265.414628E-06,-84.468749095E-03
+2.598400E-06,-211.168398E-06,-84.367304373E-03
+2.603400E-06,-183.806589E-06,-84.307945077E-03
+2.608400E-06,-233.178448E-06,-84.460583266E-03
+2.613400E-06,-296.721161E-06,-84.483510402E-03
+2.618400E-06,-113.580459E-06,-84.317995328E-03
+2.623400E-06,-141.620660E-06,-84.342806886E-03
+2.628400E-06,-103.630710E-06,-84.362907388E-03
+2.633400E-06,-55.892017E-06,-84.467806884E-03
+2.638400E-06,-36.042771E-06,-84.292869700E-03
+2.643400E-06,-146.972418E-06,-84.324590805E-03
+2.648400E-06,-29.861867E-06,-84.330558142E-03
+2.653400E-06,-35.263877E-06,-84.488535527E-03
+2.658400E-06,-92.525183E-06,-84.354741559E-03
+2.663400E-06,-86.218650E-06,-84.334955127E-03
+2.668400E-06,-34.484982E-06,-84.379553116E-03
+2.673400E-06,+20.062756E-06,-84.455558141E-03
+2.678400E-06,+35.464766E-06,-84.338095830E-03
+2.683400E-06,-9.434731E-06,-84.350658644E-03
+2.688400E-06,-55.866892E-06,-84.375156131E-03
+2.693400E-06,-56.344279E-06,-84.479113417E-03
+2.698400E-06,+19.610494E-06,-84.394314423E-03
+2.703400E-06,-27.902068E-06,-84.325533016E-03
+2.708400E-06,+5.439640E-06,-84.457128492E-03
+2.713400E-06,+2.474816E-06,-84.492304371E-03
+2.718400E-06,+14.912002E-06,-84.331186283E-03
+2.723400E-06,-48.002570E-06,-84.343749097E-03
+2.728400E-06,-19.459857E-06,-84.397769197E-03
+2.733400E-06,+70.012504E-06,-84.475658643E-03
+2.738400E-06,-1.595536E-06,-84.338095830E-03
+2.743400E-06,-11.570410E-06,-84.322706383E-03
+2.748400E-06,-13.178450E-06,-84.331500353E-03
+2.753400E-06,+33.002454E-06,-84.480683769E-03
+2.758400E-06,+45.866775E-06,-84.343435026E-03
+2.763400E-06,-43.379455E-06,-84.337467690E-03
+2.768400E-06,-33.756339E-06,-84.384892312E-03
+2.773400E-06,+131.670795E-06,-84.451161156E-03
+2.778400E-06,+139.585367E-06,-84.337467690E-03
+2.783400E-06,+158.178332E-06,-84.325533016E-03
+2.788400E-06,+24.107982E-06,-84.400595830E-03
+2.793400E-06,-13.052822E-06,-84.475658643E-03
+2.798400E-06,+76.947177E-06,-84.402166181E-03
+2.803400E-06,+93.002453E-06,-84.334955127E-03
+2.808400E-06,+184.585367E-06,-84.469377236E-03
+2.813400E-06,+68.881851E-06,-84.496701356E-03
+2.818400E-06,+165.389387E-06,-84.335583268E-03
+2.823400E-06,+70.515016E-06,-84.338409901E-03
+2.828400E-06,+102.751197E-06,-84.370759147E-03
+2.833400E-06,+219.183357E-06,-84.459955126E-03
+2.838400E-06,+175.540141E-06,-84.331186283E-03
+2.843400E-06,+159.133106E-06,-84.355055629E-03
+2.848400E-06,+135.414513E-06,-84.327103368E-03
+2.853400E-06,+165.037628E-06,-84.472832010E-03
+2.858400E-06,+250.314009E-06,-84.323334524E-03
+2.863400E-06,+179.133106E-06,-84.327103368E-03
+2.868400E-06,+127.324061E-06,-84.367304373E-03
+2.873400E-06,+201.645668E-06,-84.464352110E-03
+2.878400E-06,+171.922051E-06,-84.324276735E-03
+2.883400E-06,+87.349187E-06,-84.342806886E-03
+2.888400E-06,+123.605468E-06,-84.374213920E-03
+2.893400E-06,+119.208483E-06,-84.459955126E-03
+2.898400E-06,+224.962251E-06,-84.403108393E-03
+2.903400E-06,+173.002452E-06,-84.321136032E-03
+2.908400E-06,+75.163258E-06,-84.461211407E-03
+2.913400E-06,+158.680845E-06,-84.585583265E-03
+2.918400E-06,+221.821547E-06,-84.274653620E-03
+2.923400E-06,+262.198431E-06,-84.385206383E-03
+2.928400E-06,+123.479840E-06,-84.294754122E-03
+2.933400E-06,+277.625567E-06,-84.399653619E-03
+2.938400E-06,+169.786372E-06,-84.302605881E-03
+2.943400E-06,+185.841648E-06,-84.297580755E-03
+2.948400E-06,+150.640644E-06,-84.333384775E-03
+2.953400E-06,+269.509989E-06,-84.514917437E-03
+2.958400E-06,+242.927075E-06,-84.351286785E-03
+2.963400E-06,+167.097930E-06,-84.330558142E-03
+2.968400E-06,+159.811498E-06,-84.388347086E-03
+2.973400E-06,+203.957226E-06,-84.455558141E-03
+2.978400E-06,+220.012502E-06,-84.340922464E-03
+2.983400E-06,+217.625568E-06,-84.327103368E-03
+2.988400E-06,+157.223558E-06,-84.363849599E-03
+2.993400E-06,+246.092904E-06,-84.463409899E-03
+2.998400E-06,+211.193407E-06,-84.383007890E-03
+3.003400E-06,+308.178330E-06,-84.316739047E-03
+3.008400E-06,+208.655718E-06,-84.467492814E-03
+3.013400E-06,+340.037627E-06,-84.501098341E-03
+3.018400E-06,+166.319035E-06,-84.342492815E-03
+3.023400E-06,+199.082854E-06,-84.344691308E-03
+3.028400E-06,+223.102954E-06,-84.379553116E-03
+3.033400E-06,+260.389386E-06,-84.495759145E-03
+3.038400E-06,+197.097930E-06,-84.343435026E-03
+3.043400E-06,+370.263757E-06,-84.355055629E-03
+3.048400E-06,+321.620541E-06,-84.330558142E-03
+3.053400E-06,+220.489889E-06,-84.471889799E-03
+3.058400E-06,+408.128078E-06,-84.319879750E-03
+3.063400E-06,+330.188380E-06,-84.356625981E-03
+3.068400E-06,+346.670792E-06,-84.403108393E-03
+3.073400E-06,+350.540139E-06,-84.478171206E-03
+3.078400E-06,+349.183355E-06,-84.390545579E-03
+3.083400E-06,+292.876823E-06,-84.340294323E-03
+3.088400E-06,+321.595416E-06,-84.405620955E-03
+3.093400E-06,+275.288884E-06,-84.471261658E-03
+3.098400E-06,+367.700943E-06,-84.380495327E-03
+3.103400E-06,+324.107979E-06,-84.321136032E-03
+3.108400E-06,+358.027576E-06,-84.449276734E-03
+3.113400E-06,+325.891898E-06,-84.487907387E-03
+3.118400E-06,+237.072804E-06,-84.315482765E-03
+3.123400E-06,+298.881848E-06,-84.315796836E-03
+3.128400E-06,+369.962249E-06,-84.370759147E-03
+3.133400E-06,+395.816520E-06,-84.480997839E-03
+3.138400E-06,+353.756219E-06,-84.355683770E-03
+3.143400E-06,+230.113005E-06,-84.358510403E-03
+3.148400E-06,+360.163255E-06,-84.355055629E-03
+3.153400E-06,+269.057728E-06,-84.469377236E-03
+3.158400E-06,+248.278834E-06,-84.346889800E-03
+3.163400E-06,+308.329084E-06,-84.349716433E-03
+3.168400E-06,+324.158230E-06,-84.394314423E-03
+3.173400E-06,+363.982350E-06,-84.466864673E-03
+3.178400E-06,+365.439636E-06,-84.375784272E-03
+3.183400E-06,+268.982351E-06,-84.356940051E-03
+3.188400E-06,+221.444663E-06,-84.384892312E-03
+3.193400E-06,+331.821546E-06,-84.449590804E-03
+3.198400E-06,+322.198431E-06,-84.383007890E-03
+3.203400E-06,+479.283856E-06,-84.296638544E-03
+3.208400E-06,+461.042650E-06,-84.468435025E-03
+3.213400E-06,+267.650693E-06,-84.500156130E-03
+3.218400E-06,+319.384360E-06,-84.350344574E-03
+3.223400E-06,+446.721043E-06,-84.340294323E-03
+3.228400E-06,+280.113004E-06,-84.378610905E-03
+3.233400E-06,+383.605465E-06,-84.475658643E-03
+3.238400E-06,+392.876822E-06,-84.335583268E-03
+3.243400E-06,+269.258733E-06,-84.350658644E-03
+3.248400E-06,+326.319034E-06,-84.342806886E-03
+3.253400E-06,+505.716017E-06,-84.499842060E-03
+3.258400E-06,+451.620540E-06,-84.332128494E-03
+3.263400E-06,+439.509987E-06,-84.338409901E-03
+3.268400E-06,+343.781345E-06,-84.384892312E-03
+3.273400E-06,+321.972300E-06,-84.459955126E-03
+3.278400E-06,+338.555215E-06,-84.366048091E-03
+3.283400E-06,+415.891897E-06,-84.355055629E-03
+3.288400E-06,+463.731093E-06,-84.399653619E-03
+3.293400E-06,+366.595415E-06,-84.447706382E-03
+3.298400E-06,+393.655716E-06,-84.405620955E-03
+3.303400E-06,+361.494913E-06,-84.324590805E-03
+3.308400E-06,+353.504963E-06,-84.464980251E-03
+3.313400E-06,+330.138129E-06,-84.491362160E-03
+3.318400E-06,+413.178329E-06,-84.339038041E-03
+3.323400E-06,+472.223555E-06,-84.377668694E-03
+3.328400E-06,+423.831596E-06,-84.374213920E-03
+3.333400E-06,+504.384359E-06,-84.472203869E-03
+3.338400E-06,+368.680842E-06,-84.323334524E-03
+3.343400E-06,+361.947174E-06,-84.367304373E-03
+3.348400E-06,+410.364259E-06,-84.358510403E-03
+3.353400E-06,+378.856722E-06,-84.497329497E-03
+3.358400E-06,+442.349183E-06,-84.350344574E-03
+3.363400E-06,+381.821546E-06,-84.333070705E-03
+3.368400E-06,+387.047676E-06,-84.366362162E-03
+3.373400E-06,+392.097928E-06,-84.444251608E-03
+3.378400E-06,+413.680842E-06,-84.361022966E-03
+3.383400E-06,+296.319034E-06,-84.332442564E-03
+3.388400E-06,+458.856721E-06,-84.383007890E-03
+3.393400E-06,+236.695919E-06,-84.463409899E-03
+3.398400E-06,+323.881848E-06,-84.387404875E-03
+3.403400E-06,+448.881847E-06,-84.312342062E-03
+3.408400E-06,+382.324058E-06,-84.477228995E-03
+3.413400E-06,+403.278832E-06,-84.519314421E-03
+3.418400E-06,+407.248681E-06,-84.362593318E-03
+3.423400E-06,+305.540140E-06,-84.370759147E-03
+3.428400E-06,+436.670791E-06,-84.380495327E-03
+3.433400E-06,+408.605465E-06,-84.484452613E-03
+3.438400E-06,+394.710993E-06,-84.332128494E-03
+3.443400E-06,+318.404461E-06,-84.346261659E-03
+3.448400E-06,+436.394409E-06,-84.383007890E-03
+3.453400E-06,+471.846670E-06,-84.499842060E-03
+3.458400E-06,+500.213504E-06,-84.346889800E-03
+3.463400E-06,+397.751194E-06,-84.329615931E-03
+3.468400E-06,+455.866771E-06,-84.366362162E-03
+3.473400E-06,+385.087877E-06,-84.462467688E-03
+3.478400E-06,+441.771294E-06,-84.378296835E-03
+3.483400E-06,+466.520037E-06,-84.334012916E-03
+3.488400E-06,+426.092902E-06,-84.394314423E-03
+3.493400E-06,+434.861746E-06,-84.455558141E-03
+3.498400E-06,+403.932098E-06,-84.386462664E-03
+3.503400E-06,+483.253705E-06,-84.324590805E-03
+3.508400E-06,+393.027576E-06,-84.456186281E-03
+3.513400E-06,+396.947174E-06,-84.500156130E-03
+3.518400E-06,+418.831596E-06,-84.359138544E-03
+3.523400E-06,+503.429585E-06,-84.370759147E-03
+3.528400E-06,+439.334108E-06,-84.382065679E-03
+3.533400E-06,+468.454711E-06,-84.479113417E-03
+3.538400E-06,+424.861746E-06,-84.346889800E-03
+3.543400E-06,+470.992399E-06,-84.361022966E-03
+3.548400E-06,+324.886873E-06,-84.350658644E-03
+3.553400E-06,+368.781345E-06,-84.496387286E-03
+3.558400E-06,+420.565264E-06,-84.358196333E-03
+3.563400E-06,+462.952198E-06,-84.354113418E-03
+3.568400E-06,+402.901948E-06,-84.378610905E-03
+3.573400E-06,+460.389384E-06,-84.475658643E-03
+3.578400E-06,+409.761244E-06,-84.360080755E-03
+3.583400E-06,+369.535114E-06,-84.347203870E-03
+3.588400E-06,+347.424561E-06,-84.403108393E-03
+3.593400E-06,+448.102952E-06,-84.486022964E-03
+3.598400E-06,+432.726068E-06,-84.403108393E-03
+3.603400E-06,+382.625566E-06,-84.295696333E-03
+3.608400E-06,+453.178329E-06,-84.442995327E-03
+3.613400E-06,+292.600441E-06,-84.486022964E-03
+3.618400E-06,+375.213506E-06,-84.353799348E-03
+3.623400E-06,+443.429585E-06,-84.384578242E-03
+3.628400E-06,+403.153204E-06,-84.381123468E-03
+3.633400E-06,+479.585364E-06,-84.483510402E-03
+3.638400E-06,+398.655716E-06,-84.347832011E-03
+3.643400E-06,+548.605464E-06,-84.345319448E-03
+3.648400E-06,+384.082852E-06,-84.349716433E-03
+3.653400E-06,+438.655716E-06,-84.488535527E-03
+3.658400E-06,+433.228580E-06,-84.363535529E-03
+3.663400E-06,+430.364259E-06,-84.342806886E-03
+3.668400E-06,+471.997424E-06,-84.371701358E-03
+3.673400E-06,+365.339134E-06,-84.445193819E-03
+3.678400E-06,+522.876821E-06,-84.345319448E-03
+3.683400E-06,+472.977324E-06,-84.386462664E-03
+3.688400E-06,+482.952198E-06,-84.418811910E-03
+3.693400E-06,+474.786369E-06,-84.479113417E-03
+3.698400E-06,+436.168279E-06,-84.395256634E-03
+3.703400E-06,+486.520037E-06,-84.315796836E-03
+3.708400E-06,+362.349184E-06,-84.468435025E-03
+3.713400E-06,+549.811494E-06,-84.524653617E-03
+3.718400E-06,+562.826569E-06,-84.338095830E-03
+3.723400E-06,+598.329081E-06,-84.374213920E-03
+3.728400E-06,+601.369282E-06,-84.377668694E-03
+3.733400E-06,+433.278832E-06,-84.479113417E-03
+3.738400E-06,+471.042650E-06,-84.332128494E-03
+3.743400E-06,+521.570288E-06,-84.336839549E-03
+3.748400E-06,+391.846671E-06,-84.360394825E-03
+3.753400E-06,+453.153203E-06,-84.504239045E-03
+3.758400E-06,+514.610489E-06,-84.346889800E-03
+3.763400E-06,+433.429585E-06,-84.361022966E-03
+3.768400E-06,+476.670791E-06,-84.394314423E-03
+3.773400E-06,+417.952199E-06,-84.459955126E-03
+3.778400E-06,+380.389385E-06,-84.351286785E-03
+3.783400E-06,+584.057724E-06,-84.357568192E-03
+3.788400E-06,+448.530088E-06,-84.411902362E-03
+3.793400E-06,+420.263756E-06,-84.499213919E-03
+3.798400E-06,+416.570289E-06,-84.414414925E-03
+3.803400E-06,+362.977325E-06,-84.319251609E-03
+3.808400E-06,+361.570290E-06,-84.469377236E-03
+3.813400E-06,+600.866770E-06,-84.517744070E-03
+3.818400E-06,+431.620540E-06,-84.350344574E-03
+3.823400E-06,+453.052701E-06,-84.366362162E-03
+3.828400E-06,+474.384359E-06,-84.377668694E-03
+3.833400E-06,+481.017525E-06,-84.511462663E-03
+3.838400E-06,+509.761243E-06,-84.335583268E-03
+3.843400E-06,+400.515013E-06,-84.340922464E-03
+3.848400E-06,+481.293906E-06,-84.340922464E-03
+3.853400E-06,+417.022550E-06,-84.480683769E-03
+3.858400E-06,+520.891896E-06,-84.328673720E-03
+3.863400E-06,+473.379334E-06,-84.330558142E-03
+3.868400E-06,+493.680841E-06,-84.403108393E-03
+3.873400E-06,+526.168278E-06,-84.452103367E-03
+3.878400E-06,+530.590388E-06,-84.340922464E-03
+3.883400E-06,+528.881846E-06,-84.362907388E-03
+3.888400E-06,+567.550187E-06,-84.422266684E-03
+3.893400E-06,+524.459735E-06,-84.471261658E-03
+3.898400E-06,+493.957223E-06,-84.403108393E-03
+3.903400E-06,+459.911997E-06,-84.323648594E-03
+3.908400E-06,+529.811494E-06,-84.544125979E-03
+3.913400E-06,+608.630589E-06,-84.526538039E-03
+3.918400E-06,+514.761243E-06,-84.398711408E-03
+3.923400E-06,+551.520036E-06,-84.399025478E-03
+3.928400E-06,+644.560236E-06,-84.312970203E-03
+3.933400E-06,+603.705965E-06,-84.469377236E-03
+3.938400E-06,+639.283855E-06,-84.317367187E-03
+3.943400E-06,+499.535112E-06,-84.335897338E-03
+3.948400E-06,+569.484860E-06,-84.328045579E-03
+3.953400E-06,+542.474810E-06,-84.478171206E-03
+3.958400E-06,+551.118026E-06,-84.316424976E-03
+3.963400E-06,+418.605465E-06,-84.378296835E-03
+3.968400E-06,+556.972298E-06,-84.441424975E-03
+3.973400E-06,+448.555213E-06,-84.301035529E-03
+3.978400E-06,+572.123051E-06,-83.973460156E-03
+3.983400E-06,+494.987374E-06,-79.386776788E-03
+3.988400E-06,+445.690892E-06,-57.894942848E-03
+3.993400E-06,+507.248680E-06,-20.214038729E-03
+3.998400E-06,+483.831595E-06,+20.304176918E-03
+4.003400E-06,+479.359233E-06,+55.387719256E-03
+4.008400E-06,+528.077826E-06,+72.571136157E-03
+4.013400E-06,+505.188379E-06,+76.229427575E-03
+4.018400E-06,+501.042650E-06,+78.027794390E-03
+4.023400E-06,+438.102952E-06,+78.377040618E-03
+4.028400E-06,+353.731094E-06,+78.538158707E-03
+4.033400E-06,+604.158227E-06,+78.337781824E-03
+4.038400E-06,+543.354207E-06,+78.067053184E-03
+4.043400E-06,+458.077826E-06,+73.448020570E-03
+4.048400E-06,+561.645664E-06,+51.838410249E-03
+4.053400E-06,+544.007474E-06,+13.937342816E-03
+4.058400E-06,+578.957222E-06,-26.103799971E-03
+4.063400E-06,+479.258731E-06,-61.343435272E-03
+4.068400E-06,+544.685866E-06,-78.570193882E-03
+4.073400E-06,+534.434609E-06,-82.351914947E-03
+4.078400E-06,+581.821544E-06,-83.803862168E-03
+4.083400E-06,+547.047675E-06,-84.054176235E-03
+4.088400E-06,+482.424560E-06,-84.079301863E-03
+4.093400E-06,+526.695916E-06,-84.263661158E-03
+4.098400E-06,+487.826570E-06,-84.085583270E-03
+4.103400E-06,+541.520036E-06,-83.979113422E-03
+4.108400E-06,+633.932096E-06,-84.131751611E-03
+4.113400E-06,+601.922046E-06,-84.186085782E-03
+4.118400E-06,+477.600439E-06,-84.101600858E-03
+4.123400E-06,+537.700941E-06,-84.188284274E-03
+4.128400E-06,+453.555213E-06,-84.298208896E-03
+4.133400E-06,+493.203454E-06,-84.455558141E-03
+4.138400E-06,+603.454709E-06,-84.394942563E-03
+4.143400E-06,+572.148177E-06,-84.447392312E-03
+4.148400E-06,+531.796418E-06,-84.517429999E-03
+4.153400E-06,+620.087875E-06,-84.646512913E-03
+4.158400E-06,+526.419534E-06,-84.491676231E-03
+4.163400E-06,+577.575312E-06,-84.458070703E-03
+4.168400E-06,+360.012501E-06,-84.477228995E-03
+4.173400E-06,+555.891896E-06,-84.505495326E-03
+4.178400E-06,+531.695916E-06,-84.360080755E-03
+4.183400E-06,+479.057726E-06,-84.312342062E-03
+4.188400E-06,+542.374308E-06,-84.278422464E-03
+4.193400E-06,+624.007473E-06,-84.315168695E-03
+4.198400E-06,+562.047674E-06,-84.248585781E-03
+4.203400E-06,+504.484861E-06,-84.194565681E-03
+4.208400E-06,+584.560237E-06,-84.355055629E-03
+4.213400E-06,+522.173303E-06,-84.417241558E-03
+4.218400E-06,+585.540137E-06,-84.323334524E-03
+4.223400E-06,+525.690891E-06,-84.371701358E-03
+4.228400E-06,+570.263755E-06,-84.412530503E-03
+4.233400E-06,+664.484859E-06,-84.568937536E-03
+4.238400E-06,+518.153203E-06,-84.448020452E-03
+4.243400E-06,+530.741142E-06,-84.467492814E-03
+4.248400E-06,+535.766268E-06,-84.467492814E-03
+4.253400E-06,+579.911996E-06,-84.559201356E-03
+4.258400E-06,+547.952197E-06,-84.373899850E-03
+4.263400E-06,+588.731091E-06,-84.340922464E-03
+4.268400E-06,+570.917021E-06,-84.386462664E-03
+4.273400E-06,+613.203453E-06,-84.444251608E-03
+4.278400E-06,+584.007473E-06,-84.325218946E-03
+4.283400E-06,+432.072801E-06,-84.307945077E-03
+4.288400E-06,+199.736121E-06,-84.324590805E-03
+4.293400E-06,+45.967278E-06,-84.392744071E-03
+4.298400E-06,-250.263875E-06,-84.339352112E-03
+4.303400E-06,-317.299050E-06,-84.301035529E-03
+4.308400E-06,-397.123170E-06,-84.449276734E-03
+4.313400E-06,-477.675932E-06,-84.479113417E-03
+4.318400E-06,-517.098043E-06,-84.369502865E-03
+4.323400E-06,-704.987488E-06,-84.397769197E-03
+4.328400E-06,-780.515125E-06,-84.436085779E-03
+4.333400E-06,-776.721155E-06,-84.530620954E-03
+4.338400E-06,-1.026419645E-03,-84.406249096E-03
+4.343400E-06,-1.052650801E-03,-84.414414925E-03
+4.348400E-06,-1.028907082E-03,-84.401223970E-03
+4.353400E-06,-1.063178439E-03,-84.513033014E-03
+4.358400E-06,-1.337374416E-03,-84.359138544E-03
+4.363400E-06,-1.409133209E-03,-84.333070705E-03
+4.368400E-06,-1.386947280E-03,-84.362907388E-03
+4.373400E-06,-1.469987480E-03,-84.455558141E-03
+4.378400E-06,-1.525464866E-03,-84.339980252E-03
+4.383400E-06,-1.488731198E-03,-84.331500353E-03
+4.388400E-06,-1.369560345E-03,-84.358510403E-03
+4.393400E-06,-1.224082960E-03,-84.459012915E-03
+4.398400E-06,-1.156118136E-03,-84.386462664E-03
+4.403400E-06,-992.977435E-06,-84.321136032E-03
+4.408400E-06,-949.736229E-06,-84.464038040E-03
+4.413400E-06,-1.004610600E-03,-84.480055628E-03
+4.418400E-06,-998.756329E-06,-84.384264172E-03
+4.423400E-06,-872.248793E-06,-84.390859649E-03
+4.428400E-06,-826.947286E-06,-84.405620955E-03
+4.433400E-06,-854.459848E-06,-84.500156130E-03
+4.438400E-06,-711.042764E-06,-84.334641057E-03
+4.443400E-06,-645.364373E-06,-84.365419951E-03
+4.448400E-06,-697.675930E-06,-84.368874725E-03
+4.453400E-06,-612.349298E-06,-84.496387286E-03
+4.458400E-06,-591.469901E-06,-84.339038041E-03
+4.463400E-06,-584.685982E-06,-84.339352112E-03
+4.468400E-06,-590.640755E-06,-84.355997840E-03
+4.473400E-06,-552.826685E-06,-84.466236533E-03
+4.478400E-06,-596.495027E-06,-84.327731509E-03
+4.483400E-06,-529.836736E-06,-84.355055629E-03
+4.488400E-06,-516.545279E-06,-84.370759147E-03
+4.493400E-06,-506.771410E-06,-84.479113417E-03
+4.498400E-06,-505.967389E-06,-84.395256634E-03
+4.503400E-06,-354.309100E-06,-84.312342062E-03
+4.508400E-06,-530.917138E-06,-84.443937538E-03
+4.513400E-06,-431.897039E-06,-84.491362160E-03
+4.518400E-06,-489.359349E-06,-84.370445076E-03
+4.523400E-06,-400.615632E-06,-84.366362162E-03
+4.528400E-06,-327.072919E-06,-84.393372212E-03
+4.533400E-06,-400.288999E-06,-84.472203869E-03
+4.538400E-06,-346.721160E-06,-84.323334524E-03
+4.543400E-06,-339.585482E-06,-84.328987790E-03
+4.548400E-06,-395.213622E-06,-84.327103368E-03
+4.553400E-06,-241.243774E-06,-84.489477738E-03
+4.558400E-06,-394.861863E-06,-84.342492815E-03
+4.563400E-06,-231.344277E-06,-84.322706383E-03
+4.568400E-06,-297.148296E-06,-84.315796836E-03
+4.573400E-06,-211.746287E-06,-84.432945076E-03
+4.578400E-06,-256.696035E-06,-84.323334524E-03
+4.583400E-06,-253.756337E-06,-84.352543066E-03
+4.588400E-06,-204.912116E-06,-84.395256634E-03
+4.593400E-06,-228.454830E-06,-84.480055628E-03
+4.598400E-06,-283.680960E-06,-84.371701358E-03
+4.603400E-06,-101.344278E-06,-84.321136032E-03
+4.608400E-06,-309.912115E-06,-84.459641055E-03
+4.613400E-06,-275.866889E-06,-84.502668693E-03
+4.618400E-06,-130.515132E-06,-84.341550604E-03
+4.623400E-06,-185.339252E-06,-84.350658644E-03
+4.628400E-06,-122.299052E-06,-84.366362162E-03
+4.633400E-06,-166.670911E-06,-84.467806884E-03
+4.638400E-06,-60.766389E-06,-84.318937539E-03
+4.643400E-06,-65.540259E-06,-84.342806886E-03
+4.648400E-06,-148.278951E-06,-84.339352112E-03
+4.653400E-06,-119.685987E-06,-84.497329497E-03
+4.658400E-06,-10.113123E-06,-84.339980252E-03
+4.663400E-06,-55.188500E-06,-84.331500353E-03
+4.668400E-06,-69.208600E-06,-84.364791810E-03
+4.673400E-06,-71.419655E-06,-84.443309397E-03
+4.678400E-06,-51.620661E-06,-84.339980252E-03
+4.683400E-06,-122.324177E-06,-84.342806886E-03
+4.688400E-06,-57.022671E-06,-84.395256634E-03
+4.693400E-06,-31.846792E-06,-84.455558141E-03
+4.698400E-06,+8.605469E-06,-84.375156132E-03
+4.703400E-06,+38.329087E-06,-84.296638544E-03
+4.708400E-06,-36.595535E-06,-84.473774221E-03
+4.713400E-06,+51.570293E-06,-84.488849598E-03
+4.718400E-06,+65.841650E-06,-84.333698846E-03
+4.723400E-06,+34.811499E-06,-84.362907388E-03
+4.728400E-06,-35.188500E-06,-84.397769197E-03
+4.733400E-06,+27.901952E-06,-84.476600854E-03
+4.738400E-06,-24.736239E-06,-84.343435026E-03
+4.743400E-06,+81.394413E-06,-84.338409901E-03
+4.748400E-06,+31.469791E-06,-84.338409901E-03
+4.753400E-06,-1.520159E-06,-84.502668693E-03
+4.758400E-06,-43.429706E-06,-84.354741559E-03
+4.763400E-06,+119.283860E-06,-84.334012916E-03
+4.768400E-06,+44.007479E-06,-84.362907388E-03
+4.773400E-06,+18.303962E-06,-84.463409899E-03
+4.778400E-06,+166.896925E-06,-84.328673720E-03
+4.783400E-06,+39.886876E-06,-84.369188795E-03
+4.788400E-06,-4.334229E-06,-84.409389799E-03
+4.793400E-06,+41.344162E-06,-84.496701356E-03
+4.798400E-06,+99.886875E-06,-84.402166181E-03
+4.803400E-06,+7.123057E-06,-84.316739047E-03
+4.808400E-06,+47.550193E-06,-84.470947588E-03
+4.813400E-06,+82.901951E-06,-84.493246582E-03
+4.818400E-06,+95.741147E-06,-84.345005378E-03
+4.823400E-06,+44.334112E-06,-84.347203870E-03
+4.828400E-06,+87.449690E-06,-84.385520453E-03
+4.833400E-06,+88.831599E-06,-84.479113417E-03
+4.838400E-06,+73.630594E-06,-84.331186283E-03
+4.843400E-06,+88.052705E-06,-84.326161157E-03
+4.848400E-06,+106.042654E-06,-84.341864675E-03
+4.853400E-06,+125.665770E-06,-84.461525477E-03
+4.858400E-06,+138.881850E-06,-84.322392313E-03
+4.863400E-06,+184.107980E-06,-84.319251609E-03
+4.868400E-06,+92.474815E-06,-84.359452614E-03
+4.873400E-06,+172.952201E-06,-84.454615930E-03
+4.878400E-06,+157.977327E-06,-84.332128494E-03
+4.883400E-06,+78.429589E-06,-84.339352112E-03
+4.888400E-06,+236.520040E-06,-84.367304373E-03
+4.893400E-06,+139.937126E-06,-84.453045578E-03
+4.898400E-06,+199.459739E-06,-84.388347086E-03
+4.903400E-06,+163.731096E-06,-84.288786786E-03
+4.908400E-06,+130.690895E-06,-84.457756633E-03
+4.913400E-06,+225.841648E-06,-84.573334521E-03
+4.918400E-06,+286.268783E-06,-84.285960153E-03
+4.923400E-06,+220.640643E-06,-84.386148594E-03
+4.928400E-06,+215.012502E-06,-84.317367187E-03
+4.933400E-06,+168.580342E-06,-84.399653619E-03
+4.938400E-06,+254.334110E-06,-84.286902364E-03
+4.943400E-06,+206.494914E-06,-84.316739047E-03
+4.948400E-06,+219.886874E-06,-84.328987790E-03
+4.953400E-06,+216.972301E-06,-84.514917437E-03
+4.958400E-06,+156.771297E-06,-84.339038041E-03
+4.963400E-06,+189.710995E-06,-84.338409901E-03
+4.968400E-06,+248.957226E-06,-84.386462664E-03
+4.973400E-06,+177.273809E-06,-84.495759145E-03
+4.978400E-06,+218.278834E-06,-84.320821961E-03
+4.983400E-06,+176.972302E-06,-84.334955127E-03
+4.988400E-06,+221.017527E-06,-84.393372212E-03
+4.993400E-06,+302.700944E-06,-84.444251608E-03
+4.998400E-06,+254.886874E-06,-84.370759147E-03
+5.003400E-06,+308.580340E-06,-84.308887288E-03
+5.008400E-06,+199.685869E-06,-84.483196331E-03
+5.013400E-06,+304.484863E-06,-84.505495326E-03
+5.018400E-06,+256.369286E-06,-84.318937539E-03
+5.023400E-06,+305.515014E-06,-84.356940051E-03
+5.028400E-06,+254.283859E-06,-84.394314423E-03
+5.033400E-06,+195.439638E-06,-84.472203869E-03
+5.038400E-06,+163.228583E-06,-84.358196333E-03
+5.043400E-06,+284.962250E-06,-84.358510403E-03
+5.048400E-06,+222.474814E-06,-84.334012916E-03
+5.053400E-06,+220.992402E-06,-84.477228995E-03
+5.058400E-06,+338.655717E-06,-84.331186283E-03
