x-axis,4
second,Volt
-8.437500000000e-007,-8.41709e-002
-8.412500000000e-007,-8.40452e-002
-8.387500000000e-007,-8.40452e-002
-8.362500000000e-007,-8.40452e-002
-8.337500000000e-007,-8.39196e-002
-8.312500000000e-007,-8.41709e-002
-8.287500000000e-007,-8.40452e-002
-8.262500000000e-007,-8.40452e-002
-8.237500000000e-007,-8.41709e-002
-8.212500000000e-007,-8.40452e-002
-8.187500000000e-007,-8.41709e-002
-8.162500000000e-007,-8.40452e-002
-8.137500000000e-007,-8.40452e-002
-8.112500000000e-007,-8.41709e-002
-8.087500000000e-007,-8.40452e-002
-8.062500000000e-007,-8.39196e-002
-8.037500000000e-007,-8.41709e-002
-8.012500000000e-007,-8.41709e-002
-7.987500000000e-007,-8.41709e-002
-7.962500000000e-007,-8.40452e-002
-7.937500000000e-007,-8.39196e-002
-7.912500000000e-007,-8.41709e-002
-7.887500000000e-007,-8.41709e-002
-7.862500000000e-007,-8.40452e-002
-7.837500000000e-007,-8.41709e-002
-7.812500000000e-007,-8.40452e-002
-7.787500000000e-007,-8.40452e-002
-7.762500000000e-007,-8.40452e-002
-7.737500000000e-007,-8.39196e-002
-7.712500000000e-007,-8.41709e-002
-7.687500000000e-007,-8.40452e-002
-7.662500000000e-007,-8.39196e-002
-7.637500000000e-007,-8.40452e-002
-7.612500000000e-007,-8.40452e-002
-7.587500000000e-007,-8.40452e-002
-7.562500000000e-007,-8.40452e-002
-7.537500000000e-007,-8.39196e-002
-7.512500000000e-007,-8.40452e-002
-7.487500000000e-007,-8.40452e-002
-7.462500000000e-007,-8.39196e-002
-7.437500000000e-007,-8.41709e-002
-7.412500000000e-007,-8.40452e-002
-7.387500000000e-007,-8.40452e-002
-7.362500000000e-007,-8.40452e-002
-7.337500000000e-007,-8.39196e-002
-7.312500000000e-007,-8.41709e-002
-7.287500000000e-007,-8.40452e-002
-7.262500000000e-007,-8.40452e-002
-7.237500000000e-007,-8.41709e-002
-7.212500000000e-007,-8.40452e-002
-7.187500000000e-007,-8.41709e-002
-7.162500000000e-007,-8.40452e-002
-7.137500000000e-007,-8.40452e-002
-7.112500000000e-007,-8.41709e-002
-7.087500000000e-007,-8.40452e-002
-7.062500000000e-007,-8.39196e-002
-7.037500000000e-007,-8.41709e-002
-7.012500000000e-007,-8.41709e-002
-6.987500000000e-007,-8.41709e-002
-6.962500000000e-007,-8.40452e-002
-6.937500000000e-007,-8.39196e-002
-6.912500000000e-007,-8.41709e-002
-6.887500000000e-007,-8.41709e-002
-6.862500000000e-007,-8.40452e-002
-6.837500000000e-007,-8.41709e-002
-6.812500000000e-007,-8.40452e-002
-6.787500000000e-007,-8.41709e-002
-6.762500000000e-007,-8.40452e-002
-6.737500000000e-007,-8.40452e-002
-6.712500000000e-007,-8.41709e-002
-6.687500000000e-007,-8.40452e-002
-6.662500000000e-007,-8.40452e-002
-6.637500000000e-007,-8.41709e-002
-6.612500000000e-007,-8.40452e-002
-6.587500000000e-007,-8.41709e-002
-6.562500000000e-007,-8.40452e-002
-6.537500000000e-007,-8.40452e-002
-6.512500000000e-007,-8.40452e-002
-6.487500000000e-007,-8.40452e-002
-6.462500000000e-007,-8.40452e-002
-6.437500000000e-007,-8.41709e-002
-6.412500000000e-007,-8.40452e-002
-6.387500000000e-007,-8.41709e-002
-6.362500000000e-007,-8.40452e-002
-6.337500000000e-007,-8.39196e-002
-6.312500000000e-007,-8.41709e-002
-6.287500000000e-007,-8.40452e-002
-6.262500000000e-007,-8.40452e-002
-6.237500000000e-007,-8.41709e-002
-6.212500000000e-007,-8.40452e-002
-6.187500000000e-007,-8.41709e-002
-6.162500000000e-007,-8.40452e-002
-6.137500000000e-007,-8.40452e-002
-6.112500000000e-007,-8.41709e-002
-6.087500000000e-007,-8.40452e-002
-6.062500000000e-007,-8.40452e-002
-6.037500000000e-007,-8.41709e-002
-6.012500000000e-007,-8.41709e-002
-5.987500000000e-007,-8.41709e-002
-5.962500000000e-007,-8.39196e-002
-5.937500000000e-007,-8.39196e-002
-5.912500000000e-007,-8.41709e-002
-5.887500000000e-007,-8.41709e-002
-5.862500000000e-007,-8.40452e-002
-5.837500000000e-007,-8.41709e-002
-5.812500000000e-007,-8.40452e-002
-5.787500000000e-007,-8.41709e-002
-5.762500000000e-007,-8.40452e-002
-5.737500000000e-007,-8.40452e-002
-5.712500000000e-007,-8.41709e-002
-5.687500000000e-007,-8.40452e-002
-5.662500000000e-007,-8.40452e-002
-5.637500000000e-007,-8.41709e-002
-5.612500000000e-007,-8.40452e-002
-5.587500000000e-007,-8.41709e-002
-5.562500000000e-007,-8.40452e-002
-5.537500000000e-007,-8.40452e-002
-5.512500000000e-007,-8.40452e-002
-5.487500000000e-007,-8.40452e-002
-5.462500000000e-007,-8.40452e-002
-5.437500000000e-007,-8.41709e-002
-5.412500000000e-007,-8.40452e-002
-5.387500000000e-007,-8.41709e-002
-5.362500000000e-007,-8.40452e-002
-5.337500000000e-007,-8.39196e-002
-5.312500000000e-007,-8.41709e-002
-5.287500000000e-007,-8.40452e-002
-5.262500000000e-007,-8.40452e-002
-5.237500000000e-007,-8.41709e-002
-5.212500000000e-007,-8.40452e-002
-5.187500000000e-007,-8.41709e-002
-5.162500000000e-007,-8.40452e-002
-5.137500000000e-007,-8.40452e-002
-5.112500000000e-007,-8.41709e-002
-5.087500000000e-007,-8.40452e-002
-5.062500000000e-007,-8.40452e-002
-5.037500000000e-007,-8.41709e-002
-5.012500000000e-007,-8.41709e-002
-4.987500000000e-007,-8.41709e-002
-4.962500000000e-007,-8.40452e-002
-4.937500000000e-007,-8.39196e-002
-4.912500000000e-007,-8.41709e-002
-4.887500000000e-007,-8.41709e-002
-4.862500000000e-007,-8.40452e-002
-4.837500000000e-007,-8.41709e-002
-4.812500000000e-007,-8.40452e-002
-4.787500000000e-007,-8.40452e-002
-4.762500000000e-007,-8.40452e-002
-4.737500000000e-007,-8.40452e-002
-4.712500000000e-007,-8.41709e-002
-4.687500000000e-007,-8.40452e-002
-4.662500000000e-007,-8.40452e-002
-4.637500000000e-007,-8.41709e-002
-4.612500000000e-007,-8.40452e-002
-4.587500000000e-007,-8.40452e-002
-4.562500000000e-007,-8.40452e-002
-4.537500000000e-007,-8.40452e-002
-4.512500000000e-007,-8.40452e-002
-4.487500000000e-007,-8.40452e-002
-4.462500000000e-007,-8.39196e-002
-4.437500000000e-007,-8.41709e-002
-4.412500000000e-007,-8.40452e-002
-4.387500000000e-007,-8.41709e-002
-4.362500000000e-007,-8.40452e-002
-4.337500000000e-007,-8.40452e-002
-4.312500000000e-007,-8.41709e-002
-4.287500000000e-007,-8.40452e-002
-4.262500000000e-007,-8.40452e-002
-4.237500000000e-007,-8.41709e-002
-4.212500000000e-007,-8.40452e-002
-4.187500000000e-007,-8.41709e-002
-4.162500000000e-007,-8.40452e-002
-4.137500000000e-007,-8.40452e-002
-4.112500000000e-007,-8.41709e-002
-4.087500000000e-007,-8.40452e-002
-4.062500000000e-007,-8.40452e-002
-4.037500000000e-007,-8.41709e-002
-4.012500000000e-007,-8.41709e-002
-3.987500000000e-007,-8.41709e-002
-3.962500000000e-007,-8.40452e-002
-3.937500000000e-007,-8.39196e-002
-3.912500000000e-007,-8.41709e-002
-3.887500000000e-007,-8.41709e-002
-3.862500000000e-007,-8.40452e-002
-3.837500000000e-007,-8.41709e-002
-3.812500000000e-007,-8.40452e-002
-3.787500000000e-007,-8.41709e-002
-3.762500000000e-007,-8.40452e-002
-3.737500000000e-007,-8.40452e-002
-3.712500000000e-007,-8.41709e-002
-3.687500000000e-007,-8.40452e-002
-3.662500000000e-007,-8.40452e-002
-3.637500000000e-007,-8.41709e-002
-3.612500000000e-007,-8.40452e-002
-3.587500000000e-007,-8.40452e-002
-3.562500000000e-007,-8.40452e-002
-3.537500000000e-007,-8.40452e-002
-3.512500000000e-007,-8.40452e-002
-3.487500000000e-007,-8.40452e-002
-3.462500000000e-007,-8.39196e-002
-3.437500000000e-007,-8.40452e-002
-3.412500000000e-007,-8.40452e-002
-3.387500000000e-007,-8.41709e-002
-3.362500000000e-007,-8.40452e-002
-3.337500000000e-007,-8.40452e-002
-3.312500000000e-007,-8.41709e-002
-3.287500000000e-007,-8.40452e-002
-3.262500000000e-007,-8.40452e-002
-3.237500000000e-007,-8.41709e-002
-3.212500000000e-007,-8.40452e-002
-3.187500000000e-007,-8.41709e-002
-3.162500000000e-007,-8.40452e-002
-3.137500000000e-007,-8.40452e-002
-3.112500000000e-007,-8.41709e-002
-3.087500000000e-007,-8.40452e-002
-3.062500000000e-007,-8.40452e-002
-3.037500000000e-007,-8.41709e-002
-3.012500000000e-007,-8.42965e-002
-2.987500000000e-007,-8.42965e-002
-2.962500000000e-007,-8.40452e-002
-2.937500000000e-007,-8.39196e-002
-2.912500000000e-007,-8.41709e-002
-2.887500000000e-007,-8.41709e-002
-2.862500000000e-007,-8.40452e-002
-2.837500000000e-007,-8.41709e-002
-2.812500000000e-007,-8.40452e-002
-2.787500000000e-007,-8.41709e-002
-2.762500000000e-007,-8.40452e-002
-2.737500000000e-007,-8.40452e-002
-2.712500000000e-007,-8.42965e-002
-2.687500000000e-007,-8.40452e-002
-2.662500000000e-007,-8.40452e-002
-2.637500000000e-007,-8.41709e-002
-2.612500000000e-007,-8.40452e-002
-2.587500000000e-007,-8.41709e-002
-2.562500000000e-007,-8.40452e-002
-2.537500000000e-007,-8.40452e-002
-2.512500000000e-007,-8.40452e-002
-2.487500000000e-007,-8.40452e-002
-2.462500000000e-007,-8.40452e-002
-2.437500000000e-007,-8.41709e-002
-2.412500000000e-007,-8.40452e-002
-2.387500000000e-007,-8.41709e-002
-2.362500000000e-007,-8.40452e-002
-2.337500000000e-007,-8.40452e-002
-2.312500000000e-007,-8.42965e-002
-2.287500000000e-007,-8.40452e-002
-2.262500000000e-007,-8.40452e-002
-2.237500000000e-007,-8.41709e-002
-2.212500000000e-007,-8.40452e-002
-2.187500000000e-007,-8.41709e-002
-2.162500000000e-007,-8.40452e-002
-2.137500000000e-007,-8.40452e-002
-2.112500000000e-007,-8.41709e-002
-2.087500000000e-007,-8.40452e-002
-2.062500000000e-007,-8.40452e-002
-2.037500000000e-007,-8.41709e-002
-2.012500000000e-007,-8.41709e-002
-1.987500000000e-007,-8.41709e-002
-1.962500000000e-007,-8.40452e-002
-1.937500000000e-007,-8.39196e-002
-1.912500000000e-007,-8.42965e-002
-1.887500000000e-007,-8.41709e-002
-1.862500000000e-007,-8.40452e-002
-1.837500000000e-007,-8.41709e-002
-1.812500000000e-007,-8.40452e-002
-1.787500000000e-007,-8.41709e-002
-1.762500000000e-007,-8.40452e-002
-1.737500000000e-007,-8.40452e-002
-1.712500000000e-007,-8.41709e-002
-1.687500000000e-007,-8.40452e-002
-1.662500000000e-007,-8.40452e-002
-1.637500000000e-007,-8.41709e-002
-1.612500000000e-007,-8.40452e-002
-1.587500000000e-007,-8.41709e-002
-1.562500000000e-007,-8.40452e-002
-1.537500000000e-007,-8.39196e-002
-1.512500000000e-007,-8.40452e-002
-1.487500000000e-007,-8.40452e-002
-1.462500000000e-007,-8.39196e-002
-1.437500000000e-007,-8.41709e-002
-1.412500000000e-007,-8.40452e-002
-1.387500000000e-007,-8.41709e-002
-1.362500000000e-007,-8.40452e-002
-1.337500000000e-007,-8.39196e-002
-1.312500000000e-007,-8.42965e-002
-1.287500000000e-007,-8.40452e-002
-1.262500000000e-007,-8.40452e-002
-1.237500000000e-007,-8.41709e-002
-1.212500000000e-007,-8.40452e-002
-1.187500000000e-007,-8.41709e-002
-1.162500000000e-007,-8.40452e-002
-1.137500000000e-007,-8.40452e-002
-1.112500000000e-007,-8.41709e-002
-1.087500000000e-007,-8.40452e-002
-1.062500000000e-007,-8.40452e-002
-1.037500000000e-007,-8.41709e-002
-1.012500000000e-007,-8.41709e-002
-9.875000000000e-008,-8.41709e-002
-9.625000000000e-008,-8.39196e-002
-9.375000000000e-008,-8.39196e-002
-9.125000000000e-008,-8.41709e-002
-8.875000000000e-008,-8.41709e-002
-8.625000000000e-008,-8.40452e-002
-8.375000000000e-008,-8.41709e-002
-8.125000000000e-008,-8.37940e-002
-7.875000000000e-008,-8.41709e-002
-7.625000000000e-008,-8.40452e-002
-7.375000000000e-008,-8.40452e-002
-7.125000000000e-008,-8.41709e-002
-6.875000000000e-008,-8.39196e-002
-6.625000000000e-008,-8.40452e-002
-6.375000000000e-008,-8.40452e-002
-6.125000000000e-008,-8.41709e-002
-5.875000000000e-008,-8.41709e-002
-5.625000000000e-008,-8.40452e-002
-5.375000000000e-008,-8.39196e-002
-5.125000000000e-008,-8.41709e-002
-4.875000000000e-008,-8.40452e-002
-4.625000000000e-008,-8.39196e-002
-4.375000000000e-008,-8.41709e-002
-4.125000000000e-008,-8.40452e-002
-3.875000000000e-008,-8.41709e-002
-3.625000000000e-008,-8.40452e-002
-3.375000000000e-008,-8.39196e-002
-3.125000000000e-008,-8.42965e-002
-2.875000000000e-008,-8.41709e-002
-2.625000000000e-008,-8.39196e-002
-2.375000000000e-008,-8.40452e-002
-2.125000000000e-008,-8.39196e-002
-1.875000000000e-008,-8.39196e-002
-1.625000000000e-008,-8.30402e-002
-1.375000000000e-008,-7.98995e-002
-1.125000000000e-008,-7.28643e-002
-8.750000000000e-009,-6.01759e-002
-6.250000000000e-009,-4.27136e-002
-3.750000000000e-009,-2.32412e-002
-1.250000000000e-009,-3.01508e-003
 1.250000000000e-009, 1.73367e-002
 3.750000000000e-009, 3.68090e-002
 6.250000000000e-009, 5.35176e-002
 8.750000000000e-009, 6.54523e-002
 1.125000000000e-008, 7.26131e-002
 1.375000000000e-008, 7.57538e-002
 1.625000000000e-008, 7.68844e-002
 1.875000000000e-008, 7.78894e-002
 2.125000000000e-008, 7.85176e-002
 2.375000000000e-008, 7.90201e-002
 2.625000000000e-008, 7.91457e-002
 2.875000000000e-008, 7.88945e-002
 3.125000000000e-008, 7.91457e-002
 3.375000000000e-008, 7.92714e-002
 3.625000000000e-008, 7.91457e-002
 3.875000000000e-008, 7.91457e-002
 4.125000000000e-008, 7.91457e-002
 4.375000000000e-008, 7.91457e-002
 4.625000000000e-008, 7.92714e-002
 4.875000000000e-008, 7.91457e-002
 5.125000000000e-008, 7.91457e-002
 5.375000000000e-008, 7.91457e-002
 5.625000000000e-008, 7.90201e-002
 5.875000000000e-008, 7.90201e-002
 6.125000000000e-008, 7.90201e-002
 6.375000000000e-008, 7.91457e-002
 6.625000000000e-008, 7.92714e-002
 6.875000000000e-008, 7.90201e-002
 7.125000000000e-008, 7.92714e-002
 7.375000000000e-008, 7.92714e-002
 7.625000000000e-008, 7.90201e-002
 7.875000000000e-008, 7.90201e-002
 8.125000000000e-008, 7.88945e-002
 8.375000000000e-008, 7.81407e-002
 8.625000000000e-008, 7.53769e-002
 8.875000000000e-008, 6.80905e-002
 9.125000000000e-008, 5.55276e-002
 9.375000000000e-008, 3.84422e-002
 9.625000000000e-008, 1.84673e-002
 9.875000000000e-008,-1.75879e-003
 1.012500000000e-007,-2.17337e-002
 1.037500000000e-007,-4.10804e-002
 1.062500000000e-007,-5.79146e-002
 1.087500000000e-007,-7.03518e-002
 1.112500000000e-007,-7.71357e-002
 1.137500000000e-007,-8.01508e-002
 1.162500000000e-007,-8.16583e-002
 1.187500000000e-007,-8.24121e-002
 1.212500000000e-007,-8.32915e-002
 1.237500000000e-007,-8.36683e-002
 1.262500000000e-007,-8.36683e-002
 1.287500000000e-007,-8.39196e-002
 1.312500000000e-007,-8.37940e-002
 1.337500000000e-007,-8.39196e-002
 1.362500000000e-007,-8.40452e-002
 1.387500000000e-007,-8.40452e-002
 1.412500000000e-007,-8.40452e-002
 1.437500000000e-007,-8.39196e-002
 1.462500000000e-007,-8.39196e-002
 1.487500000000e-007,-8.40452e-002
 1.512500000000e-007,-8.39196e-002
 1.537500000000e-007,-8.39196e-002
 1.562500000000e-007,-8.40452e-002
 1.587500000000e-007,-8.40452e-002
 1.612500000000e-007,-8.40452e-002
 1.637500000000e-007,-8.40452e-002
 1.662500000000e-007,-8.39196e-002
 1.687500000000e-007,-8.41709e-002
 1.712500000000e-007,-8.39196e-002
 1.737500000000e-007,-8.39196e-002
 1.762500000000e-007,-8.40452e-002
 1.787500000000e-007,-8.40452e-002
 1.812500000000e-007,-8.40452e-002
 1.837500000000e-007,-8.40452e-002
 1.862500000000e-007,-8.39196e-002
 1.887500000000e-007,-8.42965e-002
 1.912500000000e-007,-8.40452e-002
 1.937500000000e-007,-8.40452e-002
 1.962500000000e-007,-8.41709e-002
 1.987500000000e-007,-8.42965e-002
 2.012500000000e-007,-8.41709e-002
 2.037500000000e-007,-8.40452e-002
 2.062500000000e-007,-8.40452e-002
 2.087500000000e-007,-8.42965e-002
 2.112500000000e-007,-8.41709e-002
 2.137500000000e-007,-8.40452e-002
 2.162500000000e-007,-8.42965e-002
 2.187500000000e-007,-8.40452e-002
 2.212500000000e-007,-8.41709e-002
 2.237500000000e-007,-8.40452e-002
 2.262500000000e-007,-8.40452e-002
 2.287500000000e-007,-8.42965e-002
 2.312500000000e-007,-8.40452e-002
 2.337500000000e-007,-8.40452e-002
 2.362500000000e-007,-8.41709e-002
 2.387500000000e-007,-8.40452e-002
 2.412500000000e-007,-8.40452e-002
 2.437500000000e-007,-8.40452e-002
 2.462500000000e-007,-8.39196e-002
 2.487500000000e-007,-8.40452e-002
 2.512500000000e-007,-8.40452e-002
 2.537500000000e-007,-8.39196e-002
 2.562500000000e-007,-8.41709e-002
 2.587500000000e-007,-8.40452e-002
 2.612500000000e-007,-8.41709e-002
 2.637500000000e-007,-8.40452e-002
 2.662500000000e-007,-8.39196e-002
 2.687500000000e-007,-8.41709e-002
 2.712500000000e-007,-8.40452e-002
 2.737500000000e-007,-8.40452e-002
 2.762500000000e-007,-8.41709e-002
 2.787500000000e-007,-8.40452e-002
 2.812500000000e-007,-8.41709e-002
 2.837500000000e-007,-8.40452e-002
 2.862500000000e-007,-8.40452e-002
 2.887500000000e-007,-8.42965e-002
 2.912500000000e-007,-8.40452e-002
 2.937500000000e-007,-8.40452e-002
 2.962500000000e-007,-8.41709e-002
 2.987500000000e-007,-8.42965e-002
 3.012500000000e-007,-8.41709e-002
 3.037500000000e-007,-8.40452e-002
 3.062500000000e-007,-8.40452e-002
 3.087500000000e-007,-8.42965e-002
 3.112500000000e-007,-8.41709e-002
 3.137500000000e-007,-8.40452e-002
 3.162500000000e-007,-8.41709e-002
 3.187500000000e-007,-8.40452e-002
 3.212500000000e-007,-8.41709e-002
 3.237500000000e-007,-8.40452e-002
 3.262500000000e-007,-8.40452e-002
 3.287500000000e-007,-8.41709e-002
 3.312500000000e-007,-8.40452e-002
 3.337500000000e-007,-8.40452e-002
 3.362500000000e-007,-8.41709e-002
 3.387500000000e-007,-8.40452e-002
 3.412500000000e-007,-8.40452e-002
 3.437500000000e-007,-8.40452e-002
 3.462500000000e-007,-8.40452e-002
 3.487500000000e-007,-8.40452e-002
 3.512500000000e-007,-8.40452e-002
 3.537500000000e-007,-8.39196e-002
 3.562500000000e-007,-8.41709e-002
 3.587500000000e-007,-8.40452e-002
 3.612500000000e-007,-8.41709e-002
 3.637500000000e-007,-8.40452e-002
 3.662500000000e-007,-8.39196e-002
 3.687500000000e-007,-8.41709e-002
 3.712500000000e-007,-8.40452e-002
 3.737500000000e-007,-8.40452e-002
 3.762500000000e-007,-8.41709e-002
 3.787500000000e-007,-8.40452e-002
 3.812500000000e-007,-8.41709e-002
 3.837500000000e-007,-8.40452e-002
 3.862500000000e-007,-8.40452e-002
 3.887500000000e-007,-8.41709e-002
 3.912500000000e-007,-8.40452e-002
 3.937500000000e-007,-8.40452e-002
 3.962500000000e-007,-8.41709e-002
 3.987500000000e-007,-8.41709e-002
 4.012500000000e-007,-8.41709e-002
 4.037500000000e-007,-8.40452e-002
 4.062500000000e-007,-8.39196e-002
 4.087500000000e-007,-8.41709e-002
 4.112500000000e-007,-8.41709e-002
 4.137500000000e-007,-8.40452e-002
 4.162500000000e-007,-8.41709e-002
 4.187500000000e-007,-8.40452e-002
 4.212500000000e-007,-8.40452e-002
 4.237500000000e-007,-8.40452e-002
 4.262500000000e-007,-8.40452e-002
 4.287500000000e-007,-8.41709e-002
 4.312500000000e-007,-8.40452e-002
 4.337500000000e-007,-8.40452e-002
 4.362500000000e-007,-8.40452e-002
 4.387500000000e-007,-8.40452e-002
 4.412500000000e-007,-8.40452e-002
 4.437500000000e-007,-8.40452e-002
 4.462500000000e-007,-8.40452e-002
 4.487500000000e-007,-8.40452e-002
 4.512500000000e-007,-8.40452e-002
 4.537500000000e-007,-8.39196e-002
 4.562500000000e-007,-8.40452e-002
 4.587500000000e-007,-8.40452e-002
 4.612500000000e-007,-8.40452e-002
 4.637500000000e-007,-8.40452e-002
 4.662500000000e-007,-8.40452e-002
 4.687500000000e-007,-8.41709e-002
 4.712500000000e-007,-8.40452e-002
 4.737500000000e-007,-8.40452e-002
 4.762500000000e-007,-8.41709e-002
 4.787500000000e-007,-8.40452e-002
 4.812500000000e-007,-8.40452e-002
 4.837500000000e-007,-8.40452e-002
 4.862500000000e-007,-8.40452e-002
 4.887500000000e-007,-8.41709e-002
 4.912500000000e-007,-8.40452e-002
 4.937500000000e-007,-8.40452e-002
 4.962500000000e-007,-8.41709e-002
 4.987500000000e-007,-8.41709e-002
 5.012500000000e-007,-8.41709e-002
 5.037500000000e-007,-8.40452e-002
 5.062500000000e-007,-8.39196e-002
 5.087500000000e-007,-8.41709e-002
 5.112500000000e-007,-8.40452e-002
 5.137500000000e-007,-8.39196e-002
 5.162500000000e-007,-8.41709e-002
 5.187500000000e-007,-8.40452e-002
 5.212500000000e-007,-8.40452e-002
 5.237500000000e-007,-8.40452e-002
 5.262500000000e-007,-8.39196e-002
 5.287500000000e-007,-8.41709e-002
 5.312500000000e-007,-8.40452e-002
 5.337500000000e-007,-8.39196e-002
 5.362500000000e-007,-8.41709e-002
 5.387500000000e-007,-8.40452e-002
 5.412500000000e-007,-8.40452e-002
 5.437500000000e-007,-8.40452e-002
 5.462500000000e-007,-8.39196e-002
 5.487500000000e-007,-8.40452e-002
 5.512500000000e-007,-8.40452e-002
 5.537500000000e-007,-8.39196e-002
 5.562500000000e-007,-8.40452e-002
 5.587500000000e-007,-8.40452e-002
 5.612500000000e-007,-8.40452e-002
 5.637500000000e-007,-8.40452e-002
 5.662500000000e-007,-8.39196e-002
 5.687500000000e-007,-8.41709e-002
 5.712500000000e-007,-8.40452e-002
 5.737500000000e-007,-8.39196e-002
 5.762500000000e-007,-8.40452e-002
 5.787500000000e-007,-8.40452e-002
 5.812500000000e-007,-8.40452e-002
 5.837500000000e-007,-8.40452e-002
 5.862500000000e-007,-8.39196e-002
 5.887500000000e-007,-8.41709e-002
 5.912500000000e-007,-8.40452e-002
 5.937500000000e-007,-8.39196e-002
 5.962500000000e-007,-8.41709e-002
 5.987500000000e-007,-8.41709e-002
 6.012500000000e-007,-8.41709e-002
 6.037500000000e-007,-8.39196e-002
 6.062500000000e-007,-8.39196e-002
 6.087500000000e-007,-8.41709e-002
 6.112500000000e-007,-8.40452e-002
 6.137500000000e-007,-8.39196e-002
 6.162500000000e-007,-8.41709e-002
 6.187500000000e-007,-8.40452e-002
 6.212500000000e-007,-8.40452e-002
 6.237500000000e-007,-8.40452e-002
 6.262500000000e-007,-8.39196e-002
 6.287500000000e-007,-8.41709e-002
 6.312500000000e-007,-8.40452e-002
 6.337500000000e-007,-8.40452e-002
 6.362500000000e-007,-8.41709e-002
 6.387500000000e-007,-8.40452e-002
 6.412500000000e-007,-8.40452e-002
 6.437500000000e-007,-8.40452e-002
 6.462500000000e-007,-8.39196e-002
 6.487500000000e-007,-8.40452e-002
 6.512500000000e-007,-8.40452e-002
 6.537500000000e-007,-8.39196e-002
 6.562500000000e-007,-8.40452e-002
 6.587500000000e-007,-8.40452e-002
 6.612500000000e-007,-8.40452e-002
 6.637500000000e-007,-8.40452e-002
 6.662500000000e-007,-8.39196e-002
 6.687500000000e-007,-8.41709e-002
 6.712500000000e-007,-8.40452e-002
 6.737500000000e-007,-8.40452e-002
 6.762500000000e-007,-8.40452e-002
 6.787500000000e-007,-8.40452e-002
 6.812500000000e-007,-8.40452e-002
 6.837500000000e-007,-8.40452e-002
 6.862500000000e-007,-8.39196e-002
 6.887500000000e-007,-8.41709e-002
 6.912500000000e-007,-8.40452e-002
 6.937500000000e-007,-8.39196e-002
 6.962500000000e-007,-8.41709e-002
 6.987500000000e-007,-8.41709e-002
 7.012500000000e-007,-8.41709e-002
 7.037500000000e-007,-8.40452e-002
 7.062500000000e-007,-8.39196e-002
 7.087500000000e-007,-8.41709e-002
 7.112500000000e-007,-8.41709e-002
 7.137500000000e-007,-8.39196e-002
 7.162500000000e-007,-8.41709e-002
 7.187500000000e-007,-8.40452e-002
 7.212500000000e-007,-8.40452e-002
 7.237500000000e-007,-8.40452e-002
 7.262500000000e-007,-8.40452e-002
 7.287500000000e-007,-8.41709e-002
 7.312500000000e-007,-8.40452e-002
 7.337500000000e-007,-8.39196e-002
 7.362500000000e-007,-8.41709e-002
 7.387500000000e-007,-8.40452e-002
 7.412500000000e-007,-8.40452e-002
 7.437500000000e-007,-8.40452e-002
 7.462500000000e-007,-8.39196e-002
 7.487500000000e-007,-8.40452e-002
 7.512500000000e-007,-8.40452e-002
 7.537500000000e-007,-8.39196e-002
 7.562500000000e-007,-8.40452e-002
 7.587500000000e-007,-8.40452e-002
 7.612500000000e-007,-8.40452e-002
 7.637500000000e-007,-8.40452e-002
 7.662500000000e-007,-8.39196e-002
 7.687500000000e-007,-8.41709e-002
 7.712500000000e-007,-8.40452e-002
 7.737500000000e-007,-8.40452e-002
 7.762500000000e-007,-8.41709e-002
 7.787500000000e-007,-8.40452e-002
 7.812500000000e-007,-8.40452e-002
 7.837500000000e-007,-8.40452e-002
 7.862500000000e-007,-8.40452e-002
 7.887500000000e-007,-8.41709e-002
 7.912500000000e-007,-8.40452e-002
 7.937500000000e-007,-8.40452e-002
 7.962500000000e-007,-8.41709e-002
 7.987500000000e-007,-8.41709e-002
 8.012500000000e-007,-8.41709e-002
 8.037500000000e-007,-8.40452e-002
 8.062500000000e-007,-8.39196e-002
 8.087500000000e-007,-8.41709e-002
 8.112500000000e-007,-8.41709e-002
 8.137500000000e-007,-8.39196e-002
 8.162500000000e-007,-8.41709e-002
 8.187500000000e-007,-8.40452e-002
 8.212500000000e-007,-8.40452e-002
 8.237500000000e-007,-8.40452e-002
 8.262500000000e-007,-8.40452e-002
 8.287500000000e-007,-8.41709e-002
 8.312500000000e-007,-8.40452e-002
 8.337500000000e-007,-8.39196e-002
 8.362500000000e-007,-8.41709e-002
 8.387500000000e-007,-8.40452e-002
 8.412500000000e-007,-8.40452e-002
 8.437500000000e-007,-8.40452e-002
 8.462500000000e-007,-8.39196e-002
 8.487500000000e-007,-8.40452e-002
 8.512500000000e-007,-8.40452e-002
 8.537500000000e-007,-8.39196e-002
 8.562500000000e-007,-8.40452e-002
 8.587500000000e-007,-8.40452e-002
 8.612500000000e-007,-8.40452e-002
 8.637500000000e-007,-8.40452e-002
 8.662500000000e-007,-8.39196e-002
 8.687500000000e-007,-8.41709e-002
 8.712500000000e-007,-8.40452e-002
 8.737500000000e-007,-8.40452e-002
 8.762500000000e-007,-8.41709e-002
 8.787500000000e-007,-8.40452e-002
 8.812500000000e-007,-8.40452e-002
 8.837500000000e-007,-8.40452e-002
 8.862500000000e-007,-8.39196e-002
 8.887500000000e-007,-8.41709e-002
 8.912500000000e-007,-8.40452e-002
 8.937500000000e-007,-8.39196e-002
 8.962500000000e-007,-8.41709e-002
 8.987500000000e-007,-8.41709e-002
 9.012500000000e-007,-8.41709e-002
 9.037500000000e-007,-8.39196e-002
 9.062500000000e-007,-8.39196e-002
 9.087500000000e-007,-8.41709e-002
 9.112500000000e-007,-8.40452e-002
 9.137500000000e-007,-8.40452e-002
 9.162500000000e-007,-8.41709e-002
 9.187500000000e-007,-8.39196e-002
 9.212500000000e-007,-8.39196e-002
 9.237500000000e-007,-8.40452e-002
 9.262500000000e-007,-8.40452e-002
 9.287500000000e-007,-8.41709e-002
 9.312500000000e-007,-8.39196e-002
 9.337500000000e-007,-8.40452e-002
 9.362500000000e-007,-8.40452e-002
 9.387500000000e-007,-8.41709e-002
 9.412500000000e-007,-8.40452e-002
 9.437500000000e-007,-8.40452e-002
 9.462500000000e-007,-8.39196e-002
 9.487500000000e-007,-8.40452e-002
 9.512500000000e-007,-8.40452e-002
 9.537500000000e-007,-8.39196e-002
 9.562500000000e-007,-8.41709e-002
 9.587500000000e-007,-8.40452e-002
 9.612500000000e-007,-8.41709e-002
 9.637500000000e-007,-8.40452e-002
 9.662500000000e-007,-8.39196e-002
 9.687500000000e-007,-8.41709e-002
 9.712500000000e-007,-8.40452e-002
 9.737500000000e-007,-8.40452e-002
 9.762500000000e-007,-8.41709e-002
 9.787500000000e-007,-8.40452e-002
 9.812500000000e-007,-8.41709e-002
 9.837500000000e-007,-8.40452e-002
 9.862500000000e-007,-8.39196e-002
 9.887500000000e-007,-8.41709e-002
 9.912500000000e-007,-8.40452e-002
 9.937500000000e-007,-8.39196e-002
 9.962500000000e-007,-8.41709e-002
 9.987500000000e-007,-8.41709e-002
 1.001250000000e-006,-8.41709e-002
 1.003750000000e-006,-8.39196e-002
 1.006250000000e-006,-8.39196e-002
 1.008750000000e-006,-8.41709e-002
 1.011250000000e-006,-8.41709e-002
 1.013750000000e-006,-8.40452e-002
 1.016250000000e-006,-8.41709e-002
 1.018750000000e-006,-8.40452e-002
 1.021250000000e-006,-8.40452e-002
 1.023750000000e-006,-8.40452e-002
 1.026250000000e-006,-8.40452e-002
 1.028750000000e-006,-8.41709e-002
 1.031250000000e-006,-8.40452e-002
 1.033750000000e-006,-8.40452e-002
 1.036250000000e-006,-8.41709e-002
 1.038750000000e-006,-8.40452e-002
 1.041250000000e-006,-8.41709e-002
 1.043750000000e-006,-8.40452e-002
 1.046250000000e-006,-8.39196e-002
 1.048750000000e-006,-8.40452e-002
 1.051250000000e-006,-8.40452e-002
 1.053750000000e-006,-8.39196e-002
 1.056250000000e-006,-8.41709e-002
 1.058750000000e-006,-8.40452e-002
 1.061250000000e-006,-8.40452e-002
 1.063750000000e-006,-8.40452e-002
 1.066250000000e-006,-8.39196e-002
 1.068750000000e-006,-8.41709e-002
 1.071250000000e-006,-8.40452e-002
 1.073750000000e-006,-8.40452e-002
 1.076250000000e-006,-8.41709e-002
 1.078750000000e-006,-8.40452e-002
 1.081250000000e-006,-8.41709e-002
 1.083750000000e-006,-8.40452e-002
 1.086250000000e-006,-8.40452e-002
 1.088750000000e-006,-8.41709e-002
 1.091250000000e-006,-8.40452e-002
 1.093750000000e-006,-8.40452e-002
 1.096250000000e-006,-8.41709e-002
 1.098750000000e-006,-8.41709e-002
 1.101250000000e-006,-8.41709e-002
 1.103750000000e-006,-8.39196e-002
 1.106250000000e-006,-8.39196e-002
 1.108750000000e-006,-8.41709e-002
 1.111250000000e-006,-8.41709e-002
 1.113750000000e-006,-8.40452e-002
 1.116250000000e-006,-8.41709e-002
 1.118750000000e-006,-8.40452e-002
 1.121250000000e-006,-8.40452e-002
 1.123750000000e-006,-8.40452e-002
 1.126250000000e-006,-8.39196e-002
 1.128750000000e-006,-8.41709e-002
 1.131250000000e-006,-8.40452e-002
 1.133750000000e-006,-8.39196e-002
 1.136250000000e-006,-8.41709e-002
 1.138750000000e-006,-8.40452e-002
 1.141250000000e-006,-8.41709e-002
 1.143750000000e-006,-8.40452e-002
 1.146250000000e-006,-8.40452e-002
 1.148750000000e-006,-8.41709e-002
 1.151250000000e-006,-8.40452e-002
 1.153750000000e-006,-8.39196e-002
 1.156250000000e-006,-8.41709e-002
 1.158750000000e-006,-8.40452e-002
 1.161250000000e-006,-8.40452e-002
 1.163750000000e-006,-8.40452e-002
 1.166250000000e-006,-8.39196e-002
 1.168750000000e-006,-8.41709e-002
 1.171250000000e-006,-8.40452e-002
 1.173750000000e-006,-8.40452e-002
 1.176250000000e-006,-8.41709e-002
 1.178750000000e-006,-8.40452e-002
 1.181250000000e-006,-8.41709e-002
 1.183750000000e-006,-8.40452e-002
 1.186250000000e-006,-8.40452e-002
 1.188750000000e-006,-8.41709e-002
 1.191250000000e-006,-8.40452e-002
 1.193750000000e-006,-8.39196e-002
 1.196250000000e-006,-8.41709e-002
 1.198750000000e-006,-8.41709e-002
 1.201250000000e-006,-8.41709e-002
 1.203750000000e-006,-8.40452e-002
 1.206250000000e-006,-8.39196e-002
 1.208750000000e-006,-8.41709e-002
 1.211250000000e-006,-8.41709e-002
 1.213750000000e-006,-8.40452e-002
 1.216250000000e-006,-8.41709e-002
 1.218750000000e-006,-8.40452e-002
 1.221250000000e-006,-8.40452e-002
 1.223750000000e-006,-8.40452e-002
 1.226250000000e-006,-8.39196e-002
 1.228750000000e-006,-8.41709e-002
 1.231250000000e-006,-8.40452e-002
 1.233750000000e-006,-8.39196e-002
 1.236250000000e-006,-8.41709e-002
 1.238750000000e-006,-8.40452e-002
 1.241250000000e-006,-8.40452e-002
 1.243750000000e-006,-8.40452e-002
 1.246250000000e-006,-8.39196e-002
 1.248750000000e-006,-8.40452e-002
 1.251250000000e-006,-8.40452e-002
 1.253750000000e-006,-8.39196e-002
 1.256250000000e-006,-8.41709e-002
 1.258750000000e-006,-8.40452e-002
 1.261250000000e-006,-8.40452e-002
 1.263750000000e-006,-8.40452e-002
 1.266250000000e-006,-8.39196e-002
 1.268750000000e-006,-8.41709e-002
 1.271250000000e-006,-8.40452e-002
 1.273750000000e-006,-8.40452e-002
 1.276250000000e-006,-8.41709e-002
 1.278750000000e-006,-8.40452e-002
 1.281250000000e-006,-8.41709e-002
 1.283750000000e-006,-8.40452e-002
 1.286250000000e-006,-8.40452e-002
 1.288750000000e-006,-8.41709e-002
 1.291250000000e-006,-8.40452e-002
 1.293750000000e-006,-8.40452e-002
 1.296250000000e-006,-8.41709e-002
 1.298750000000e-006,-8.41709e-002
 1.301250000000e-006,-8.41709e-002
 1.303750000000e-006,-8.40452e-002
 1.306250000000e-006,-8.39196e-002
 1.308750000000e-006,-8.41709e-002
 1.311250000000e-006,-8.41709e-002
 1.313750000000e-006,-8.40452e-002
 1.316250000000e-006,-8.41709e-002
 1.318750000000e-006,-8.40452e-002
 1.321250000000e-006,-8.41709e-002
 1.323750000000e-006,-8.40452e-002
 1.326250000000e-006,-8.40452e-002
 1.328750000000e-006,-8.41709e-002
 1.331250000000e-006,-8.40452e-002
 1.333750000000e-006,-8.40452e-002
 1.336250000000e-006,-8.41709e-002
 1.338750000000e-006,-8.40452e-002
 1.341250000000e-006,-8.40452e-002
 1.343750000000e-006,-8.40452e-002
 1.346250000000e-006,-8.40452e-002
 1.348750000000e-006,-8.40452e-002
 1.351250000000e-006,-8.40452e-002
 1.353750000000e-006,-8.40452e-002
 1.356250000000e-006,-8.41709e-002
 1.358750000000e-006,-8.40452e-002
 1.361250000000e-006,-8.41709e-002
 1.363750000000e-006,-8.40452e-002
 1.366250000000e-006,-8.39196e-002
 1.368750000000e-006,-8.41709e-002
 1.371250000000e-006,-8.40452e-002
 1.373750000000e-006,-8.40452e-002
 1.376250000000e-006,-8.41709e-002
 1.378750000000e-006,-8.40452e-002
 1.381250000000e-006,-8.41709e-002
 1.383750000000e-006,-8.40452e-002
 1.386250000000e-006,-8.40452e-002
 1.388750000000e-006,-8.41709e-002
 1.391250000000e-006,-8.40452e-002
 1.393750000000e-006,-8.40452e-002
 1.396250000000e-006,-8.41709e-002
 1.398750000000e-006,-8.41709e-002
 1.401250000000e-006,-8.41709e-002
 1.403750000000e-006,-8.40452e-002
 1.406250000000e-006,-8.39196e-002
 1.408750000000e-006,-8.41709e-002
 1.411250000000e-006,-8.41709e-002
 1.413750000000e-006,-8.40452e-002
 1.416250000000e-006,-8.41709e-002
 1.418750000000e-006,-8.40452e-002
 1.421250000000e-006,-8.40452e-002
 1.423750000000e-006,-8.40452e-002
 1.426250000000e-006,-8.40452e-002
 1.428750000000e-006,-8.41709e-002
 1.431250000000e-006,-8.40452e-002
 1.433750000000e-006,-8.40452e-002
 1.436250000000e-006,-8.41709e-002
 1.438750000000e-006,-8.40452e-002
 1.441250000000e-006,-8.40452e-002
 1.443750000000e-006,-8.40452e-002
 1.446250000000e-006,-8.40452e-002
 1.448750000000e-006,-8.40452e-002
 1.451250000000e-006,-8.40452e-002
 1.453750000000e-006,-8.40452e-002
 1.456250000000e-006,-8.41709e-002
 1.458750000000e-006,-8.40452e-002
 1.461250000000e-006,-8.41709e-002
 1.463750000000e-006,-8.40452e-002
 1.466250000000e-006,-8.39196e-002
 1.468750000000e-006,-8.41709e-002
 1.471250000000e-006,-8.40452e-002
 1.473750000000e-006,-8.40452e-002
 1.476250000000e-006,-8.41709e-002
 1.478750000000e-006,-8.40452e-002
 1.481250000000e-006,-8.41709e-002
 1.483750000000e-006,-8.40452e-002
 1.486250000000e-006,-8.40452e-002
 1.488750000000e-006,-8.41709e-002
 1.491250000000e-006,-8.40452e-002
 1.493750000000e-006,-8.40452e-002
 1.496250000000e-006,-8.41709e-002
 1.498750000000e-006,-8.41709e-002
 1.501250000000e-006,-8.41709e-002
 1.503750000000e-006,-8.40452e-002
 1.506250000000e-006,-8.39196e-002
 1.508750000000e-006,-8.41709e-002
 1.511250000000e-006,-8.41709e-002
 1.513750000000e-006,-8.40452e-002
 1.516250000000e-006,-8.41709e-002
 1.518750000000e-006,-8.40452e-002
 1.521250000000e-006,-8.41709e-002
 1.523750000000e-006,-8.40452e-002
 1.526250000000e-006,-8.40452e-002
 1.528750000000e-006,-8.41709e-002
 1.531250000000e-006,-8.40452e-002
 1.533750000000e-006,-8.40452e-002
 1.536250000000e-006,-8.41709e-002
 1.538750000000e-006,-8.40452e-002
 1.541250000000e-006,-8.40452e-002
 1.543750000000e-006,-8.40452e-002
 1.546250000000e-006,-8.40452e-002
 1.548750000000e-006,-8.40452e-002
 1.551250000000e-006,-8.40452e-002
 1.553750000000e-006,-8.39196e-002
 1.556250000000e-006,-8.41709e-002
 1.558750000000e-006,-8.40452e-002
 1.561250000000e-006,-8.41709e-002
 1.563750000000e-006,-8.40452e-002
 1.566250000000e-006,-8.39196e-002
 1.568750000000e-006,-8.41709e-002
 1.571250000000e-006,-8.40452e-002
 1.573750000000e-006,-8.39196e-002
 1.576250000000e-006,-8.41709e-002
 1.578750000000e-006,-8.40452e-002
 1.581250000000e-006,-8.41709e-002
 1.583750000000e-006,-8.40452e-002
 1.586250000000e-006,-8.40452e-002
 1.588750000000e-006,-8.41709e-002
 1.591250000000e-006,-8.40452e-002
 1.593750000000e-006,-8.40452e-002
 1.596250000000e-006,-8.41709e-002
 1.598750000000e-006,-8.41709e-002
 1.601250000000e-006,-8.41709e-002
 1.603750000000e-006,-8.40452e-002
 1.606250000000e-006,-8.39196e-002
 1.608750000000e-006,-8.41709e-002
 1.611250000000e-006,-8.40452e-002
 1.613750000000e-006,-8.39196e-002
 1.616250000000e-006,-8.41709e-002
 1.618750000000e-006,-8.40452e-002
 1.621250000000e-006,-8.40452e-002
 1.623750000000e-006,-8.40452e-002
 1.626250000000e-006,-8.40452e-002
 1.628750000000e-006,-8.41709e-002
 1.631250000000e-006,-8.40452e-002
 1.633750000000e-006,-8.40452e-002
 1.636250000000e-006,-8.41709e-002
 1.638750000000e-006,-8.40452e-002
 1.641250000000e-006,-8.40452e-002
 1.643750000000e-006,-8.40452e-002
 1.646250000000e-006,-8.40452e-002
 1.648750000000e-006,-8.40452e-002
 1.651250000000e-006,-8.40452e-002
 1.653750000000e-006,-8.39196e-002
 1.656250000000e-006,-8.41709e-002
 1.658750000000e-006,-8.40452e-002
 1.661250000000e-006,-8.41709e-002
 1.663750000000e-006,-8.40452e-002
 1.666250000000e-006,-8.40452e-002
 1.668750000000e-006,-8.42965e-002
 1.671250000000e-006,-8.40452e-002
 1.673750000000e-006,-8.40452e-002
 1.676250000000e-006,-8.41709e-002
 1.678750000000e-006,-8.40452e-002
 1.681250000000e-006,-8.41709e-002
 1.683750000000e-006,-8.40452e-002
 1.686250000000e-006,-8.40452e-002
 1.688750000000e-006,-8.41709e-002
 1.691250000000e-006,-8.40452e-002
 1.693750000000e-006,-8.40452e-002
 1.696250000000e-006,-8.41709e-002
 1.698750000000e-006,-8.42965e-002
 1.701250000000e-006,-8.41709e-002
 1.703750000000e-006,-8.40452e-002
 1.706250000000e-006,-8.39196e-002
 1.708750000000e-006,-8.41709e-002
 1.711250000000e-006,-8.41709e-002
 1.713750000000e-006,-8.40452e-002
 1.716250000000e-006,-8.41709e-002
 1.718750000000e-006,-8.40452e-002
 1.721250000000e-006,-8.41709e-002
 1.723750000000e-006,-8.40452e-002
 1.726250000000e-006,-8.40452e-002
 1.728750000000e-006,-8.41709e-002
 1.731250000000e-006,-8.40452e-002
 1.733750000000e-006,-8.40452e-002
 1.736250000000e-006,-8.41709e-002
 1.738750000000e-006,-8.40452e-002
 1.741250000000e-006,-8.40452e-002
 1.743750000000e-006,-8.40452e-002
 1.746250000000e-006,-8.40452e-002
 1.748750000000e-006,-8.40452e-002
 1.751250000000e-006,-8.40452e-002
 1.753750000000e-006,-8.40452e-002
 1.756250000000e-006,-8.41709e-002
 1.758750000000e-006,-8.41709e-002
 1.761250000000e-006,-8.41709e-002
 1.763750000000e-006,-8.40452e-002
 1.766250000000e-006,-8.40452e-002
 1.768750000000e-006,-8.42965e-002
 1.771250000000e-006,-8.40452e-002
 1.773750000000e-006,-8.40452e-002
 1.776250000000e-006,-8.41709e-002
 1.778750000000e-006,-8.40452e-002
 1.781250000000e-006,-8.41709e-002
 1.783750000000e-006,-8.40452e-002
 1.786250000000e-006,-8.40452e-002
 1.788750000000e-006,-8.41709e-002
 1.791250000000e-006,-8.40452e-002
 1.793750000000e-006,-8.40452e-002
 1.796250000000e-006,-8.41709e-002
 1.798750000000e-006,-8.41709e-002
 1.801250000000e-006,-8.41709e-002
 1.803750000000e-006,-8.40452e-002
 1.806250000000e-006,-8.39196e-002
 1.808750000000e-006,-8.42965e-002
 1.811250000000e-006,-8.41709e-002
 1.813750000000e-006,-8.40452e-002
 1.816250000000e-006,-8.41709e-002
 1.818750000000e-006,-8.40452e-002
 1.821250000000e-006,-8.41709e-002
 1.823750000000e-006,-8.40452e-002
 1.826250000000e-006,-8.40452e-002
 1.828750000000e-006,-8.41709e-002
 1.831250000000e-006,-8.40452e-002
 1.833750000000e-006,-8.40452e-002
 1.836250000000e-006,-8.41709e-002
 1.838750000000e-006,-8.40452e-002
 1.841250000000e-006,-8.41709e-002
 1.843750000000e-006,-8.40452e-002
 1.846250000000e-006,-8.39196e-002
 1.848750000000e-006,-8.40452e-002
 1.851250000000e-006,-8.40452e-002
 1.853750000000e-006,-8.39196e-002
 1.856250000000e-006,-8.41709e-002
 1.858750000000e-006,-8.40452e-002
 1.861250000000e-006,-8.41709e-002
 1.863750000000e-006,-8.40452e-002
 1.866250000000e-006,-8.39196e-002
 1.868750000000e-006,-8.42965e-002
 1.871250000000e-006,-8.40452e-002
 1.873750000000e-006,-8.40452e-002
 1.876250000000e-006,-8.41709e-002
 1.878750000000e-006,-8.40452e-002
 1.881250000000e-006,-8.41709e-002
 1.883750000000e-006,-8.40452e-002
 1.886250000000e-006,-8.40452e-002
 1.888750000000e-006,-8.42965e-002
 1.891250000000e-006,-8.40452e-002
 1.893750000000e-006,-8.40452e-002
 1.896250000000e-006,-8.41709e-002
 1.898750000000e-006,-8.41709e-002
 1.901250000000e-006,-8.41709e-002
 1.903750000000e-006,-8.40452e-002
 1.906250000000e-006,-8.39196e-002
 1.908750000000e-006,-8.41709e-002
 1.911250000000e-006,-8.41709e-002
 1.913750000000e-006,-8.40452e-002
 1.916250000000e-006,-8.41709e-002
 1.918750000000e-006,-8.37940e-002
 1.921250000000e-006,-8.41709e-002
 1.923750000000e-006,-8.40452e-002
 1.926250000000e-006,-8.40452e-002
 1.928750000000e-006,-8.41709e-002
 1.931250000000e-006,-8.39196e-002
 1.933750000000e-006,-8.40452e-002
 1.936250000000e-006,-8.40452e-002
 1.938750000000e-006,-8.41709e-002
 1.941250000000e-006,-8.40452e-002
 1.943750000000e-006,-8.41709e-002
 1.946250000000e-006,-8.39196e-002
 1.948750000000e-006,-8.41709e-002
 1.951250000000e-006,-8.40452e-002
 1.953750000000e-006,-8.39196e-002
 1.956250000000e-006,-8.41709e-002
 1.958750000000e-006,-8.40452e-002
 1.961250000000e-006,-8.40452e-002
 1.963750000000e-006,-8.40452e-002
 1.966250000000e-006,-8.39196e-002
 1.968750000000e-006,-8.42965e-002
 1.971250000000e-006,-8.40452e-002
 1.973750000000e-006,-8.39196e-002
 1.976250000000e-006,-8.40452e-002
 1.978750000000e-006,-8.39196e-002
 1.981250000000e-006,-8.39196e-002
 1.983750000000e-006,-8.29146e-002
 1.986250000000e-006,-7.98995e-002
 1.988750000000e-006,-7.28643e-002
 1.991250000000e-006,-6.00502e-002
 1.993750000000e-006,-4.25879e-002
 1.996250000000e-006,-2.31156e-002
 1.998750000000e-006,-2.88945e-003
 2.001250000000e-006, 1.74623e-002
 2.003750000000e-006, 3.69347e-002
 2.006250000000e-006, 5.36432e-002
 2.008750000000e-006, 6.55779e-002
 2.011250000000e-006, 7.26131e-002
 2.013750000000e-006, 7.57538e-002
 2.016250000000e-006, 7.68844e-002
 2.018750000000e-006, 7.78894e-002
 2.021250000000e-006, 7.85176e-002
 2.023750000000e-006, 7.90201e-002
 2.026250000000e-006, 7.91457e-002
 2.028750000000e-006, 7.88945e-002
 2.031250000000e-006, 7.91457e-002
 2.033750000000e-006, 7.92714e-002
 2.036250000000e-006, 7.91457e-002
 2.038750000000e-006, 7.91457e-002
 2.041250000000e-006, 7.91457e-002
 2.043750000000e-006, 7.91457e-002
 2.046250000000e-006, 7.92714e-002
 2.048750000000e-006, 7.91457e-002
 2.051250000000e-006, 7.91457e-002
 2.053750000000e-006, 7.91457e-002
 2.056250000000e-006, 7.90201e-002
 2.058750000000e-006, 7.90201e-002
 2.061250000000e-006, 7.90201e-002
 2.063750000000e-006, 7.91457e-002
 2.066250000000e-006, 7.92714e-002
 2.068750000000e-006, 7.90201e-002
 2.071250000000e-006, 7.92714e-002
 2.073750000000e-006, 7.92714e-002
 2.076250000000e-006, 7.90201e-002
 2.078750000000e-006, 7.90201e-002
 2.081250000000e-006, 7.88945e-002
 2.083750000000e-006, 7.81407e-002
 2.086250000000e-006, 7.52513e-002
 2.088750000000e-006, 6.79648e-002
 2.091250000000e-006, 5.54020e-002
 2.093750000000e-006, 3.83166e-002
 2.096250000000e-006, 1.83417e-002
 2.098750000000e-006,-1.88442e-003
 2.101250000000e-006,-2.19849e-002
 2.103750000000e-006,-4.12060e-002
 2.106250000000e-006,-5.79146e-002
 2.108750000000e-006,-7.04774e-002
 2.111250000000e-006,-7.71357e-002
 2.113750000000e-006,-8.01508e-002
 2.116250000000e-006,-8.16583e-002
 2.118750000000e-006,-8.25377e-002
 2.121250000000e-006,-8.32915e-002
 2.123750000000e-006,-8.36683e-002
 2.126250000000e-006,-8.36683e-002
 2.128750000000e-006,-8.39196e-002
 2.131250000000e-006,-8.37940e-002
 2.133750000000e-006,-8.39196e-002
 2.136250000000e-006,-8.40452e-002
 2.138750000000e-006,-8.40452e-002
 2.141250000000e-006,-8.39196e-002
 2.143750000000e-006,-8.39196e-002
 2.146250000000e-006,-8.39196e-002
 2.148750000000e-006,-8.40452e-002
 2.151250000000e-006,-8.39196e-002
 2.153750000000e-006,-8.39196e-002
 2.156250000000e-006,-8.40452e-002
 2.158750000000e-006,-8.40452e-002
 2.161250000000e-006,-8.40452e-002
 2.163750000000e-006,-8.39196e-002
 2.166250000000e-006,-8.39196e-002
 2.168750000000e-006,-8.41709e-002
 2.171250000000e-006,-8.39196e-002
 2.173750000000e-006,-8.39196e-002
 2.176250000000e-006,-8.40452e-002
 2.178750000000e-006,-8.40452e-002
 2.181250000000e-006,-8.40452e-002
 2.183750000000e-006,-8.40452e-002
 2.186250000000e-006,-8.39196e-002
 2.188750000000e-006,-8.41709e-002
 2.191250000000e-006,-8.40452e-002
 2.193750000000e-006,-8.40452e-002
 2.196250000000e-006,-8.41709e-002
 2.198750000000e-006,-8.42965e-002
 2.201250000000e-006,-8.41709e-002
 2.203750000000e-006,-8.40452e-002
 2.206250000000e-006,-8.40452e-002
 2.208750000000e-006,-8.42965e-002
 2.211250000000e-006,-8.41709e-002
 2.213750000000e-006,-8.40452e-002
 2.216250000000e-006,-8.42965e-002
 2.218750000000e-006,-8.40452e-002
 2.221250000000e-006,-8.41709e-002
 2.223750000000e-006,-8.40452e-002
 2.226250000000e-006,-8.40452e-002
 2.228750000000e-006,-8.42965e-002
 2.231250000000e-006,-8.40452e-002
 2.233750000000e-006,-8.40452e-002
 2.236250000000e-006,-8.41709e-002
 2.238750000000e-006,-8.40452e-002
 2.241250000000e-006,-8.40452e-002
 2.243750000000e-006,-8.40452e-002
 2.246250000000e-006,-8.39196e-002
 2.248750000000e-006,-8.40452e-002
 2.251250000000e-006,-8.40452e-002
 2.253750000000e-006,-8.39196e-002
 2.256250000000e-006,-8.41709e-002
 2.258750000000e-006,-8.40452e-002
 2.261250000000e-006,-8.40452e-002
 2.263750000000e-006,-8.40452e-002
 2.266250000000e-006,-8.39196e-002
 2.268750000000e-006,-8.41709e-002
 2.271250000000e-006,-8.40452e-002
 2.273750000000e-006,-8.40452e-002
 2.276250000000e-006,-8.41709e-002
 2.278750000000e-006,-8.40452e-002
 2.281250000000e-006,-8.41709e-002
 2.283750000000e-006,-8.40452e-002
 2.286250000000e-006,-8.40452e-002
 2.288750000000e-006,-8.42965e-002
 2.291250000000e-006,-8.40452e-002
 2.293750000000e-006,-8.40452e-002
 2.296250000000e-006,-8.41709e-002
 2.298750000000e-006,-8.41709e-002
 2.301250000000e-006,-8.41709e-002
 2.303750000000e-006,-8.40452e-002
 2.306250000000e-006,-8.40452e-002
 2.308750000000e-006,-8.42965e-002
 2.311250000000e-006,-8.41709e-002
 2.313750000000e-006,-8.40452e-002
 2.316250000000e-006,-8.41709e-002
 2.318750000000e-006,-8.40452e-002
 2.321250000000e-006,-8.41709e-002
 2.323750000000e-006,-8.40452e-002
 2.326250000000e-006,-8.40452e-002
 2.328750000000e-006,-8.41709e-002
 2.331250000000e-006,-8.40452e-002
 2.333750000000e-006,-8.40452e-002
 2.336250000000e-006,-8.41709e-002
 2.338750000000e-006,-8.40452e-002
 2.341250000000e-006,-8.40452e-002
 2.343750000000e-006,-8.40452e-002
 2.346250000000e-006,-8.40452e-002
 2.348750000000e-006,-8.40452e-002
 2.351250000000e-006,-8.40452e-002
 2.353750000000e-006,-8.39196e-002
 2.356250000000e-006,-8.41709e-002
 2.358750000000e-006,-8.40452e-002
 2.361250000000e-006,-8.41709e-002
 2.363750000000e-006,-8.40452e-002
 2.366250000000e-006,-8.40452e-002
 2.368750000000e-006,-8.42965e-002
 2.371250000000e-006,-8.40452e-002
 2.373750000000e-006,-8.40452e-002
 2.376250000000e-006,-8.41709e-002
 2.378750000000e-006,-8.40452e-002
 2.381250000000e-006,-8.41709e-002
 2.383750000000e-006,-8.40452e-002
 2.386250000000e-006,-8.40452e-002
 2.388750000000e-006,-8.41709e-002
 2.391250000000e-006,-8.40452e-002
 2.393750000000e-006,-8.40452e-002
 2.396250000000e-006,-8.41709e-002
 2.398750000000e-006,-8.42965e-002
 2.401250000000e-006,-8.41709e-002
 2.403750000000e-006,-8.40452e-002
 2.406250000000e-006,-8.40452e-002
 2.408750000000e-006,-8.41709e-002
 2.411250000000e-006,-8.41709e-002
 2.413750000000e-006,-8.40452e-002
 2.416250000000e-006,-8.41709e-002
 2.418750000000e-006,-8.40452e-002
 2.421250000000e-006,-8.40452e-002
 2.423750000000e-006,-8.40452e-002
 2.426250000000e-006,-8.40452e-002
 2.428750000000e-006,-8.41709e-002
 2.431250000000e-006,-8.40452e-002
 2.433750000000e-006,-8.39196e-002
 2.436250000000e-006,-8.41709e-002
 2.438750000000e-006,-8.40452e-002
 2.441250000000e-006,-8.40452e-002
 2.443750000000e-006,-8.40452e-002
 2.446250000000e-006,-8.39196e-002
 2.448750000000e-006,-8.40452e-002
 2.451250000000e-006,-8.40452e-002
 2.453750000000e-006,-8.39196e-002
 2.456250000000e-006,-8.41709e-002
 2.458750000000e-006,-8.40452e-002
 2.461250000000e-006,-8.40452e-002
 2.463750000000e-006,-8.40452e-002
 2.466250000000e-006,-8.40452e-002
 2.468750000000e-006,-8.41709e-002
 2.471250000000e-006,-8.40452e-002
 2.473750000000e-006,-8.40452e-002
 2.476250000000e-006,-8.41709e-002
 2.478750000000e-006,-8.40452e-002
 2.481250000000e-006,-8.41709e-002
 2.483750000000e-006,-8.40452e-002
 2.486250000000e-006,-8.40452e-002
 2.488750000000e-006,-8.41709e-002
 2.491250000000e-006,-8.40452e-002
 2.493750000000e-006,-8.40452e-002
 2.496250000000e-006,-8.41709e-002
 2.498750000000e-006,-8.41709e-002
 2.501250000000e-006,-8.41709e-002
 2.503750000000e-006,-8.40452e-002
 2.506250000000e-006,-8.39196e-002
 2.508750000000e-006,-8.41709e-002
 2.511250000000e-006,-8.40452e-002
 2.513750000000e-006,-8.39196e-002
 2.516250000000e-006,-8.41709e-002
 2.518750000000e-006,-8.40452e-002
 2.521250000000e-006,-8.40452e-002
 2.523750000000e-006,-8.40452e-002
 2.526250000000e-006,-8.40452e-002
 2.528750000000e-006,-8.41709e-002
 2.531250000000e-006,-8.40452e-002
 2.533750000000e-006,-8.40452e-002
 2.536250000000e-006,-8.41709e-002
 2.538750000000e-006,-8.40452e-002
 2.541250000000e-006,-8.40452e-002
 2.543750000000e-006,-8.40452e-002
 2.546250000000e-006,-8.39196e-002
 2.548750000000e-006,-8.40452e-002
 2.551250000000e-006,-8.39196e-002
 2.553750000000e-006,-8.39196e-002
 2.556250000000e-006,-8.40452e-002
 2.558750000000e-006,-8.40452e-002
 2.561250000000e-006,-8.40452e-002
 2.563750000000e-006,-8.40452e-002
 2.566250000000e-006,-8.39196e-002
 2.568750000000e-006,-8.41709e-002
 2.571250000000e-006,-8.40452e-002
 2.573750000000e-006,-8.39196e-002
 2.576250000000e-006,-8.40452e-002
 2.578750000000e-006,-8.40452e-002
 2.581250000000e-006,-8.40452e-002
 2.583750000000e-006,-8.40452e-002
 2.586250000000e-006,-8.39196e-002
 2.588750000000e-006,-8.41709e-002
 2.591250000000e-006,-8.40452e-002
 2.593750000000e-006,-8.39196e-002
 2.596250000000e-006,-8.41709e-002
 2.598750000000e-006,-8.41709e-002
 2.601250000000e-006,-8.41709e-002
 2.603750000000e-006,-8.39196e-002
 2.606250000000e-006,-8.39196e-002
 2.608750000000e-006,-8.41709e-002
 2.611250000000e-006,-8.40452e-002
 2.613750000000e-006,-8.39196e-002
 2.616250000000e-006,-8.41709e-002
 2.618750000000e-006,-8.40452e-002
 2.621250000000e-006,-8.40452e-002
 2.623750000000e-006,-8.40452e-002
 2.626250000000e-006,-8.39196e-002
 2.628750000000e-006,-8.41709e-002
 2.631250000000e-006,-8.40452e-002
 2.633750000000e-006,-8.39196e-002
 2.636250000000e-006,-8.41709e-002
 2.638750000000e-006,-8.40452e-002
 2.641250000000e-006,-8.40452e-002
 2.643750000000e-006,-8.40452e-002
 2.646250000000e-006,-8.39196e-002
 2.648750000000e-006,-8.40452e-002
 2.651250000000e-006,-8.40452e-002
 2.653750000000e-006,-8.39196e-002
 2.656250000000e-006,-8.40452e-002
 2.658750000000e-006,-8.40452e-002
 2.661250000000e-006,-8.40452e-002
 2.663750000000e-006,-8.40452e-002
 2.666250000000e-006,-8.39196e-002
 2.668750000000e-006,-8.41709e-002
 2.671250000000e-006,-8.40452e-002
 2.673750000000e-006,-8.39196e-002
 2.676250000000e-006,-8.40452e-002
 2.678750000000e-006,-8.40452e-002
 2.681250000000e-006,-8.40452e-002
 2.683750000000e-006,-8.40452e-002
 2.686250000000e-006,-8.39196e-002
 2.688750000000e-006,-8.41709e-002
 2.691250000000e-006,-8.40452e-002
 2.693750000000e-006,-8.39196e-002
 2.696250000000e-006,-8.41709e-002
 2.698750000000e-006,-8.41709e-002
 2.701250000000e-006,-8.41709e-002
 2.703750000000e-006,-8.39196e-002
 2.706250000000e-006,-8.39196e-002
 2.708750000000e-006,-8.41709e-002
 2.711250000000e-006,-8.40452e-002
 2.713750000000e-006,-8.39196e-002
 2.716250000000e-006,-8.41709e-002
 2.718750000000e-006,-8.40452e-002
 2.721250000000e-006,-8.40452e-002
 2.723750000000e-006,-8.40452e-002
 2.726250000000e-006,-8.40452e-002
 2.728750000000e-006,-8.41709e-002
 2.731250000000e-006,-8.40452e-002
 2.733750000000e-006,-8.40452e-002
 2.736250000000e-006,-8.41709e-002
 2.738750000000e-006,-8.40452e-002
 2.741250000000e-006,-8.40452e-002
 2.743750000000e-006,-8.40452e-002
 2.746250000000e-006,-8.39196e-002
 2.748750000000e-006,-8.40452e-002
 2.751250000000e-006,-8.40452e-002
 2.753750000000e-006,-8.39196e-002
 2.756250000000e-006,-8.40452e-002
 2.758750000000e-006,-8.40452e-002
 2.761250000000e-006,-8.40452e-002
 2.763750000000e-006,-8.40452e-002
 2.766250000000e-006,-8.39196e-002
 2.768750000000e-006,-8.42965e-002
 2.771250000000e-006,-8.40452e-002
 2.773750000000e-006,-8.40452e-002
 2.776250000000e-006,-8.41709e-002
 2.778750000000e-006,-8.40452e-002
 2.781250000000e-006,-8.41709e-002
 2.783750000000e-006,-8.40452e-002
 2.786250000000e-006,-8.40452e-002
 2.788750000000e-006,-8.41709e-002
 2.791250000000e-006,-8.40452e-002
 2.793750000000e-006,-8.40452e-002
 2.796250000000e-006,-8.41709e-002
 2.798750000000e-006,-8.41709e-002
 2.801250000000e-006,-8.41709e-002
 2.803750000000e-006,-8.40452e-002
 2.806250000000e-006,-8.39196e-002
 2.808750000000e-006,-8.41709e-002
 2.811250000000e-006,-8.41709e-002
 2.813750000000e-006,-8.39196e-002
 2.816250000000e-006,-8.41709e-002
 2.818750000000e-006,-8.40452e-002
 2.821250000000e-006,-8.40452e-002
 2.823750000000e-006,-8.40452e-002
 2.826250000000e-006,-8.40452e-002
 2.828750000000e-006,-8.41709e-002
 2.831250000000e-006,-8.40452e-002
 2.833750000000e-006,-8.39196e-002
 2.836250000000e-006,-8.41709e-002
 2.838750000000e-006,-8.40452e-002
 2.841250000000e-006,-8.40452e-002
 2.843750000000e-006,-8.40452e-002
 2.846250000000e-006,-8.40452e-002
 2.848750000000e-006,-8.40452e-002
 2.851250000000e-006,-8.40452e-002
 2.853750000000e-006,-8.39196e-002
 2.856250000000e-006,-8.40452e-002
 2.858750000000e-006,-8.40452e-002
 2.861250000000e-006,-8.40452e-002
 2.863750000000e-006,-8.40452e-002
 2.866250000000e-006,-8.39196e-002
 2.868750000000e-006,-8.41709e-002
 2.871250000000e-006,-8.40452e-002
 2.873750000000e-006,-8.40452e-002
 2.876250000000e-006,-8.41709e-002
 2.878750000000e-006,-8.40452e-002
 2.881250000000e-006,-8.40452e-002
 2.883750000000e-006,-8.40452e-002
 2.886250000000e-006,-8.39196e-002
 2.888750000000e-006,-8.41709e-002
 2.891250000000e-006,-8.40452e-002
 2.893750000000e-006,-8.39196e-002
 2.896250000000e-006,-8.41709e-002
 2.898750000000e-006,-8.41709e-002
 2.901250000000e-006,-8.41709e-002
 2.903750000000e-006,-8.39196e-002
 2.906250000000e-006,-8.39196e-002
 2.908750000000e-006,-8.41709e-002
 2.911250000000e-006,-8.40452e-002
 2.913750000000e-006,-8.40452e-002
 2.916250000000e-006,-8.41709e-002
 2.918750000000e-006,-8.39196e-002
 2.921250000000e-006,-8.39196e-002
 2.923750000000e-006,-8.40452e-002
 2.926250000000e-006,-8.40452e-002
 2.928750000000e-006,-8.41709e-002
 2.931250000000e-006,-8.39196e-002
 2.933750000000e-006,-8.40452e-002
 2.936250000000e-006,-8.40452e-002
 2.938750000000e-006,-8.41709e-002
 2.941250000000e-006,-8.40452e-002
 2.943750000000e-006,-8.40452e-002
 2.946250000000e-006,-8.39196e-002
 2.948750000000e-006,-8.40452e-002
 2.951250000000e-006,-8.40452e-002
 2.953750000000e-006,-8.39196e-002
 2.956250000000e-006,-8.41709e-002
 2.958750000000e-006,-8.40452e-002
 2.961250000000e-006,-8.40452e-002
 2.963750000000e-006,-8.40452e-002
 2.966250000000e-006,-8.39196e-002
 2.968750000000e-006,-8.41709e-002
 2.971250000000e-006,-8.40452e-002
 2.973750000000e-006,-8.40452e-002
 2.976250000000e-006,-8.41709e-002
 2.978750000000e-006,-8.40452e-002
 2.981250000000e-006,-8.40452e-002
 2.983750000000e-006,-8.40452e-002
 2.986250000000e-006,-8.39196e-002
 2.988750000000e-006,-8.41709e-002
 2.991250000000e-006,-8.40452e-002
 2.993750000000e-006,-8.39196e-002
 2.996250000000e-006,-8.41709e-002
 2.998750000000e-006,-8.41709e-002
 3.001250000000e-006,-8.41709e-002
 3.003750000000e-006,-8.39196e-002
 3.006250000000e-006,-8.39196e-002
 3.008750000000e-006,-8.41709e-002
 3.011250000000e-006,-8.41709e-002
 3.013750000000e-006,-8.39196e-002
 3.016250000000e-006,-8.41709e-002
 3.018750000000e-006,-8.40452e-002
 3.021250000000e-006,-8.40452e-002
 3.023750000000e-006,-8.40452e-002
 3.026250000000e-006,-8.40452e-002
 3.028750000000e-006,-8.41709e-002
 3.031250000000e-006,-8.40452e-002
 3.033750000000e-006,-8.40452e-002
 3.036250000000e-006,-8.41709e-002
 3.038750000000e-006,-8.40452e-002
 3.041250000000e-006,-8.41709e-002
 3.043750000000e-006,-8.40452e-002
 3.046250000000e-006,-8.39196e-002
 3.048750000000e-006,-8.40452e-002
 3.051250000000e-006,-8.40452e-002
 3.053750000000e-006,-8.39196e-002
 3.056250000000e-006,-8.41709e-002
 3.058750000000e-006,-8.40452e-002
 3.061250000000e-006,-8.40452e-002
 3.063750000000e-006,-8.40452e-002
 3.066250000000e-006,-8.39196e-002
 3.068750000000e-006,-8.41709e-002
 3.071250000000e-006,-8.40452e-002
 3.073750000000e-006,-8.39196e-002
 3.076250000000e-006,-8.41709e-002
 3.078750000000e-006,-8.40452e-002
 3.081250000000e-006,-8.41709e-002
 3.083750000000e-006,-8.40452e-002
 3.086250000000e-006,-8.40452e-002
 3.088750000000e-006,-8.41709e-002
 3.091250000000e-006,-8.40452e-002
 3.093750000000e-006,-8.39196e-002
 3.096250000000e-006,-8.41709e-002
 3.098750000000e-006,-8.41709e-002
 3.101250000000e-006,-8.41709e-002
 3.103750000000e-006,-8.39196e-002
 3.106250000000e-006,-8.39196e-002
 3.108750000000e-006,-8.41709e-002
 3.111250000000e-006,-8.41709e-002
 3.113750000000e-006,-8.40452e-002
 3.116250000000e-006,-8.41709e-002
 3.118750000000e-006,-8.40452e-002
 3.121250000000e-006,-8.41709e-002
 3.123750000000e-006,-8.40452e-002
 3.126250000000e-006,-8.39196e-002
 3.128750000000e-006,-8.41709e-002
 3.131250000000e-006,-8.40452e-002
 3.133750000000e-006,-8.39196e-002
 3.136250000000e-006,-8.41709e-002
 3.138750000000e-006,-8.40452e-002
 3.141250000000e-006,-8.40452e-002
 3.143750000000e-006,-8.40452e-002
 3.146250000000e-006,-8.40452e-002
 3.148750000000e-006,-8.41709e-002
 3.151250000000e-006,-8.40452e-002
 3.153750000000e-006,-8.39196e-002
 3.156250000000e-006,-8.41709e-002
 3.158750000000e-006,-8.40452e-002
 3.161250000000e-006,-8.40452e-002
 3.163750000000e-006,-8.40452e-002
 3.166250000000e-006,-8.39196e-002
 3.168750000000e-006,-8.41709e-002
 3.171250000000e-006,-8.40452e-002
 3.173750000000e-006,-8.40452e-002
 3.176250000000e-006,-8.41709e-002
 3.178750000000e-006,-8.40452e-002
 3.181250000000e-006,-8.41709e-002
 3.183750000000e-006,-8.40452e-002
 3.186250000000e-006,-8.40452e-002
 3.188750000000e-006,-8.41709e-002
 3.191250000000e-006,-8.40452e-002
 3.193750000000e-006,-8.39196e-002
 3.196250000000e-006,-8.41709e-002
 3.198750000000e-006,-8.41709e-002
 3.201250000000e-006,-8.41709e-002
 3.203750000000e-006,-8.40452e-002
 3.206250000000e-006,-8.39196e-002
 3.208750000000e-006,-8.41709e-002
 3.211250000000e-006,-8.41709e-002
 3.213750000000e-006,-8.40452e-002
 3.216250000000e-006,-8.41709e-002
 3.218750000000e-006,-8.40452e-002
 3.221250000000e-006,-8.40452e-002
 3.223750000000e-006,-8.40452e-002
 3.226250000000e-006,-8.39196e-002
 3.228750000000e-006,-8.41709e-002
 3.231250000000e-006,-8.40452e-002
 3.233750000000e-006,-8.39196e-002
 3.236250000000e-006,-8.41709e-002
 3.238750000000e-006,-8.40452e-002
 3.241250000000e-006,-8.40452e-002
 3.243750000000e-006,-8.40452e-002
 3.246250000000e-006,-8.40452e-002
 3.248750000000e-006,-8.40452e-002
 3.251250000000e-006,-8.40452e-002
 3.253750000000e-006,-8.39196e-002
 3.256250000000e-006,-8.41709e-002
 3.258750000000e-006,-8.40452e-002
 3.261250000000e-006,-8.40452e-002
 3.263750000000e-006,-8.40452e-002
 3.266250000000e-006,-8.39196e-002
 3.268750000000e-006,-8.41709e-002
 3.271250000000e-006,-8.40452e-002
 3.273750000000e-006,-8.40452e-002
 3.276250000000e-006,-8.41709e-002
 3.278750000000e-006,-8.40452e-002
 3.281250000000e-006,-8.41709e-002
 3.283750000000e-006,-8.40452e-002
 3.286250000000e-006,-8.40452e-002
 3.288750000000e-006,-8.41709e-002
 3.291250000000e-006,-8.40452e-002
 3.293750000000e-006,-8.40452e-002
 3.296250000000e-006,-8.41709e-002
 3.298750000000e-006,-8.41709e-002
 3.301250000000e-006,-8.41709e-002
 3.303750000000e-006,-8.40452e-002
 3.306250000000e-006,-8.39196e-002
 3.308750000000e-006,-8.41709e-002
 3.311250000000e-006,-8.41709e-002
 3.313750000000e-006,-8.39196e-002
 3.316250000000e-006,-8.41709e-002
 3.318750000000e-006,-8.40452e-002
 3.321250000000e-006,-8.41709e-002
 3.323750000000e-006,-8.40452e-002
 3.326250000000e-006,-8.40452e-002
 3.328750000000e-006,-8.41709e-002
 3.331250000000e-006,-8.40452e-002
 3.333750000000e-006,-8.39196e-002
 3.336250000000e-006,-8.41709e-002
 3.338750000000e-006,-8.40452e-002
 3.341250000000e-006,-8.40452e-002
 3.343750000000e-006,-8.40452e-002
 3.346250000000e-006,-8.40452e-002
 3.348750000000e-006,-8.40452e-002
 3.351250000000e-006,-8.40452e-002
 3.353750000000e-006,-8.39196e-002
 3.356250000000e-006,-8.41709e-002
 3.358750000000e-006,-8.40452e-002
 3.361250000000e-006,-8.41709e-002
 3.363750000000e-006,-8.40452e-002
 3.366250000000e-006,-8.39196e-002
 3.368750000000e-006,-8.41709e-002
 3.371250000000e-006,-8.40452e-002
 3.373750000000e-006,-8.40452e-002
 3.376250000000e-006,-8.41709e-002
 3.378750000000e-006,-8.40452e-002
 3.381250000000e-006,-8.41709e-002
 3.383750000000e-006,-8.40452e-002
 3.386250000000e-006,-8.40452e-002
 3.388750000000e-006,-8.41709e-002
 3.391250000000e-006,-8.40452e-002
 3.393750000000e-006,-8.40452e-002
 3.396250000000e-006,-8.41709e-002
 3.398750000000e-006,-8.41709e-002
 3.401250000000e-006,-8.41709e-002
 3.403750000000e-006,-8.40452e-002
 3.406250000000e-006,-8.39196e-002
 3.408750000000e-006,-8.41709e-002
 3.411250000000e-006,-8.40452e-002
 3.413750000000e-006,-8.40452e-002
 3.416250000000e-006,-8.41709e-002
 3.418750000000e-006,-8.40452e-002
 3.421250000000e-006,-8.40452e-002
 3.423750000000e-006,-8.40452e-002
 3.426250000000e-006,-8.40452e-002
 3.428750000000e-006,-8.41709e-002
 3.431250000000e-006,-8.40452e-002
 3.433750000000e-006,-8.40452e-002
 3.436250000000e-006,-8.41709e-002
 3.438750000000e-006,-8.40452e-002
 3.441250000000e-006,-8.40452e-002
 3.443750000000e-006,-8.40452e-002
 3.446250000000e-006,-8.40452e-002
 3.448750000000e-006,-8.40452e-002
 3.451250000000e-006,-8.40452e-002
 3.453750000000e-006,-8.39196e-002
 3.456250000000e-006,-8.41709e-002
 3.458750000000e-006,-8.40452e-002
 3.461250000000e-006,-8.41709e-002
 3.463750000000e-006,-8.40452e-002
 3.466250000000e-006,-8.39196e-002
 3.468750000000e-006,-8.41709e-002
 3.471250000000e-006,-8.40452e-002
 3.473750000000e-006,-8.40452e-002
 3.476250000000e-006,-8.41709e-002
 3.478750000000e-006,-8.40452e-002
 3.481250000000e-006,-8.41709e-002
 3.483750000000e-006,-8.40452e-002
 3.486250000000e-006,-8.40452e-002
 3.488750000000e-006,-8.41709e-002
 3.491250000000e-006,-8.40452e-002
 3.493750000000e-006,-8.40452e-002
 3.496250000000e-006,-8.41709e-002
 3.498750000000e-006,-8.41709e-002
 3.501250000000e-006,-8.41709e-002
 3.503750000000e-006,-8.40452e-002
 3.506250000000e-006,-8.39196e-002
 3.508750000000e-006,-8.41709e-002
 3.511250000000e-006,-8.41709e-002
 3.513750000000e-006,-8.40452e-002
 3.516250000000e-006,-8.41709e-002
 3.518750000000e-006,-8.40452e-002
 3.521250000000e-006,-8.40452e-002
 3.523750000000e-006,-8.40452e-002
 3.526250000000e-006,-8.40452e-002
 3.528750000000e-006,-8.41709e-002
 3.531250000000e-006,-8.40452e-002
 3.533750000000e-006,-8.39196e-002
 3.536250000000e-006,-8.41709e-002
 3.538750000000e-006,-8.40452e-002
 3.541250000000e-006,-8.40452e-002
 3.543750000000e-006,-8.40452e-002
 3.546250000000e-006,-8.40452e-002
 3.548750000000e-006,-8.40452e-002
 3.551250000000e-006,-8.40452e-002
 3.553750000000e-006,-8.39196e-002
 3.556250000000e-006,-8.41709e-002
 3.558750000000e-006,-8.40452e-002
 3.561250000000e-006,-8.41709e-002
 3.563750000000e-006,-8.40452e-002
 3.566250000000e-006,-8.40452e-002
 3.568750000000e-006,-8.41709e-002
 3.571250000000e-006,-8.40452e-002
 3.573750000000e-006,-8.40452e-002
 3.576250000000e-006,-8.41709e-002
 3.578750000000e-006,-8.40452e-002
 3.581250000000e-006,-8.41709e-002
 3.583750000000e-006,-8.40452e-002
 3.586250000000e-006,-8.40452e-002
 3.588750000000e-006,-8.41709e-002
 3.591250000000e-006,-8.40452e-002
 3.593750000000e-006,-8.40452e-002
 3.596250000000e-006,-8.41709e-002
 3.598750000000e-006,-8.41709e-002
 3.601250000000e-006,-8.41709e-002
 3.603750000000e-006,-8.40452e-002
 3.606250000000e-006,-8.39196e-002
 3.608750000000e-006,-8.41709e-002
 3.611250000000e-006,-8.40452e-002
 3.613750000000e-006,-8.40452e-002
 3.616250000000e-006,-8.41709e-002
 3.618750000000e-006,-8.40452e-002
 3.621250000000e-006,-8.40452e-002
 3.623750000000e-006,-8.40452e-002
 3.626250000000e-006,-8.40452e-002
 3.628750000000e-006,-8.41709e-002
 3.631250000000e-006,-8.40452e-002
 3.633750000000e-006,-8.40452e-002
 3.636250000000e-006,-8.41709e-002
 3.638750000000e-006,-8.40452e-002
 3.641250000000e-006,-8.40452e-002
 3.643750000000e-006,-8.40452e-002
 3.646250000000e-006,-8.40452e-002
 3.648750000000e-006,-8.40452e-002
 3.651250000000e-006,-8.40452e-002
 3.653750000000e-006,-8.39196e-002
 3.656250000000e-006,-8.41709e-002
 3.658750000000e-006,-8.40452e-002
 3.661250000000e-006,-8.41709e-002
 3.663750000000e-006,-8.40452e-002
 3.666250000000e-006,-8.40452e-002
 3.668750000000e-006,-8.42965e-002
 3.671250000000e-006,-8.40452e-002
 3.673750000000e-006,-8.40452e-002
 3.676250000000e-006,-8.41709e-002
 3.678750000000e-006,-8.40452e-002
 3.681250000000e-006,-8.40452e-002
 3.683750000000e-006,-8.40452e-002
 3.686250000000e-006,-8.40452e-002
 3.688750000000e-006,-8.41709e-002
 3.691250000000e-006,-8.40452e-002
 3.693750000000e-006,-8.40452e-002
 3.696250000000e-006,-8.41709e-002
 3.698750000000e-006,-8.41709e-002
 3.701250000000e-006,-8.41709e-002
 3.703750000000e-006,-8.40452e-002
 3.706250000000e-006,-8.40452e-002
 3.708750000000e-006,-8.41709e-002
 3.711250000000e-006,-8.41709e-002
 3.713750000000e-006,-8.40452e-002
 3.716250000000e-006,-8.41709e-002
 3.718750000000e-006,-8.40452e-002
 3.721250000000e-006,-8.41709e-002
 3.723750000000e-006,-8.40452e-002
 3.726250000000e-006,-8.40452e-002
 3.728750000000e-006,-8.42965e-002
 3.731250000000e-006,-8.40452e-002
 3.733750000000e-006,-8.40452e-002
 3.736250000000e-006,-8.41709e-002
 3.738750000000e-006,-8.40452e-002
 3.741250000000e-006,-8.40452e-002
 3.743750000000e-006,-8.40452e-002
 3.746250000000e-006,-8.40452e-002
 3.748750000000e-006,-8.40452e-002
 3.751250000000e-006,-8.40452e-002
 3.753750000000e-006,-8.40452e-002
 3.756250000000e-006,-8.41709e-002
 3.758750000000e-006,-8.41709e-002
 3.761250000000e-006,-8.41709e-002
 3.763750000000e-006,-8.40452e-002
 3.766250000000e-006,-8.40452e-002
 3.768750000000e-006,-8.42965e-002
 3.771250000000e-006,-8.40452e-002
 3.773750000000e-006,-8.40452e-002
 3.776250000000e-006,-8.41709e-002
 3.778750000000e-006,-8.40452e-002
 3.781250000000e-006,-8.40452e-002
 3.783750000000e-006,-8.40452e-002
 3.786250000000e-006,-8.40452e-002
 3.788750000000e-006,-8.41709e-002
 3.791250000000e-006,-8.40452e-002
 3.793750000000e-006,-8.40452e-002
 3.796250000000e-006,-8.41709e-002
 3.798750000000e-006,-8.41709e-002
 3.801250000000e-006,-8.41709e-002
 3.803750000000e-006,-8.40452e-002
 3.806250000000e-006,-8.40452e-002
 3.808750000000e-006,-8.41709e-002
 3.811250000000e-006,-8.41709e-002
 3.813750000000e-006,-8.40452e-002
 3.816250000000e-006,-8.41709e-002
 3.818750000000e-006,-8.40452e-002
 3.821250000000e-006,-8.40452e-002
 3.823750000000e-006,-8.40452e-002
 3.826250000000e-006,-8.40452e-002
 3.828750000000e-006,-8.41709e-002
 3.831250000000e-006,-8.40452e-002
 3.833750000000e-006,-8.40452e-002
 3.836250000000e-006,-8.41709e-002
 3.838750000000e-006,-8.40452e-002
 3.841250000000e-006,-8.41709e-002
 3.843750000000e-006,-8.40452e-002
 3.846250000000e-006,-8.40452e-002
 3.848750000000e-006,-8.40452e-002
 3.851250000000e-006,-8.40452e-002
 3.853750000000e-006,-8.39196e-002
 3.856250000000e-006,-8.41709e-002
 3.858750000000e-006,-8.40452e-002
 3.861250000000e-006,-8.41709e-002
 3.863750000000e-006,-8.40452e-002
 3.866250000000e-006,-8.40452e-002
 3.868750000000e-006,-8.42965e-002
 3.871250000000e-006,-8.40452e-002
 3.873750000000e-006,-8.40452e-002
 3.876250000000e-006,-8.41709e-002
 3.878750000000e-006,-8.40452e-002
 3.881250000000e-006,-8.41709e-002
 3.883750000000e-006,-8.40452e-002
 3.886250000000e-006,-8.40452e-002
 3.888750000000e-006,-8.42965e-002
 3.891250000000e-006,-8.40452e-002
 3.893750000000e-006,-8.40452e-002
 3.896250000000e-006,-8.41709e-002
 3.898750000000e-006,-8.41709e-002
 3.901250000000e-006,-8.41709e-002
 3.903750000000e-006,-8.40452e-002
 3.906250000000e-006,-8.40452e-002
 3.908750000000e-006,-8.42965e-002
 3.911250000000e-006,-8.41709e-002
 3.913750000000e-006,-8.40452e-002
 3.916250000000e-006,-8.42965e-002
 3.918750000000e-006,-8.37940e-002
 3.921250000000e-006,-8.41709e-002
 3.923750000000e-006,-8.40452e-002
 3.926250000000e-006,-8.40452e-002
 3.928750000000e-006,-8.41709e-002
 3.931250000000e-006,-8.39196e-002
 3.933750000000e-006,-8.40452e-002
 3.936250000000e-006,-8.41709e-002
 3.938750000000e-006,-8.41709e-002
 3.941250000000e-006,-8.40452e-002
 3.943750000000e-006,-8.40452e-002
 3.946250000000e-006,-8.39196e-002
 3.948750000000e-006,-8.41709e-002
 3.951250000000e-006,-8.40452e-002
 3.953750000000e-006,-8.39196e-002
 3.956250000000e-006,-8.41709e-002
 3.958750000000e-006,-8.40452e-002
 3.961250000000e-006,-8.41709e-002
 3.963750000000e-006,-8.40452e-002
 3.966250000000e-006,-8.40452e-002
 3.968750000000e-006,-8.42965e-002
 3.971250000000e-006,-8.41709e-002
 3.973750000000e-006,-8.39196e-002
 3.976250000000e-006,-8.40452e-002
 3.978750000000e-006,-8.39196e-002
 3.981250000000e-006,-8.39196e-002
 3.983750000000e-006,-8.29146e-002
 3.986250000000e-006,-7.97739e-002
 3.988750000000e-006,-7.27387e-002
 3.991250000000e-006,-6.00502e-002
 3.993750000000e-006,-4.24623e-002
 3.996250000000e-006,-2.29899e-002
 3.998750000000e-006,-2.63819e-003
 4.001250000000e-006, 1.75879e-002
 4.003750000000e-006, 3.70603e-002
 4.006250000000e-006, 5.37688e-002
 4.008750000000e-006, 6.57035e-002
 4.011250000000e-006, 7.26131e-002
 4.013750000000e-006, 7.57538e-002
 4.016250000000e-006, 7.68844e-002
 4.018750000000e-006, 7.78894e-002
 4.021250000000e-006, 7.85176e-002
 4.023750000000e-006, 7.90201e-002
 4.026250000000e-006, 7.91457e-002
 4.028750000000e-006, 7.88945e-002
 4.031250000000e-006, 7.91457e-002
 4.033750000000e-006, 7.92714e-002
 4.036250000000e-006, 7.91457e-002
 4.038750000000e-006, 7.91457e-002
 4.041250000000e-006, 7.91457e-002
 4.043750000000e-006, 7.91457e-002
 4.046250000000e-006, 7.92714e-002
 4.048750000000e-006, 7.91457e-002
 4.051250000000e-006, 7.91457e-002
 4.053750000000e-006, 7.91457e-002
 4.056250000000e-006, 7.90201e-002
 4.058750000000e-006, 7.90201e-002
 4.061250000000e-006, 7.90201e-002
 4.063750000000e-006, 7.91457e-002
 4.066250000000e-006, 7.92714e-002
 4.068750000000e-006, 7.90201e-002
 4.071250000000e-006, 7.92714e-002
 4.073750000000e-006, 7.92714e-002
 4.076250000000e-006, 7.90201e-002
 4.078750000000e-006, 7.90201e-002
 4.081250000000e-006, 7.88945e-002
 4.083750000000e-006, 7.81407e-002
 4.086250000000e-006, 7.52513e-002
 4.088750000000e-006, 6.78392e-002
 4.091250000000e-006, 5.52764e-002
 4.093750000000e-006, 3.81910e-002
 4.096250000000e-006, 1.82161e-002
 4.098750000000e-006,-2.13568e-003
 4.101250000000e-006,-2.21106e-002
 4.103750000000e-006,-4.13317e-002
 4.106250000000e-006,-5.80402e-002
 4.108750000000e-006,-7.06030e-002
 4.111250000000e-006,-7.72613e-002
 4.113750000000e-006,-8.01508e-002
 4.116250000000e-006,-8.16583e-002
 4.118750000000e-006,-8.25377e-002
 4.121250000000e-006,-8.32915e-002
 4.123750000000e-006,-8.36683e-002
 4.126250000000e-006,-8.36683e-002
 4.128750000000e-006,-8.39196e-002
 4.131250000000e-006,-8.37940e-002
 4.133750000000e-006,-8.39196e-002
 4.136250000000e-006,-8.40452e-002
 4.138750000000e-006,-8.40452e-002
 4.141250000000e-006,-8.39196e-002
 4.143750000000e-006,-8.39196e-002
 4.146250000000e-006,-8.39196e-002
 4.148750000000e-006,-8.40452e-002
 4.151250000000e-006,-8.39196e-002
 4.153750000000e-006,-8.39196e-002